{
    "name": "root",
    "metadata": {
        "timer_format_version": "0.1.0",
        "start_time_seconds": "1699029403",
        "python_version": "3.6.13 |Anaconda, Inc.| (default, Jun  4 2021, 14:25:59) \n[GCC 7.5.0]",
        "command_line_arguments": "/home/joshua/miniconda3/envs/ai_boat/bin/mlagents-learn config/boatAgent.yaml --run-id=kiteboat_25",
        "mlagents_version": "0.26.0",
        "mlagents_envs_version": "0.26.0",
        "communication_protocol_version": "1.5.0",
        "pytorch_version": "1.8.1+cu102",
        "numpy_version": "1.19.5",
        "end_time_seconds": "1699029425"
    },
    "total": 22.583245916001033,
    "count": 1,
    "self": 0.005120936002640519,
    "children": {
        "run_training.setup": {
            "total": 0.013483679998898879,
            "count": 1,
            "self": 0.013483679998898879
        },
        "TrainerController.start_learning": {
            "total": 22.564641299999494,
            "count": 1,
            "self": 0.0001985969975066837,
            "children": {
                "TrainerController._reset_env": {
                    "total": 17.007977640001627,
                    "count": 1,
                    "self": 17.007977640001627
                },
                "TrainerController.advance": {
                    "total": 5.445135639998625,
                    "count": 1,
                    "self": 1.4345998351927847e-05,
                    "children": {
                        "env_step": {
                            "total": 5.445121294000273,
                            "count": 1,
                            "self": 5.445113133999257,
                            "children": {
                                "SubprocessEnvManager._take_step": {
                                    "total": 8.16000101622194e-06,
                                    "count": 1,
                                    "self": 8.16000101622194e-06
                                }
                            }
                        }
                    }
                },
                "trainer_threads": {
                    "total": 1.5699988580308855e-06,
                    "count": 1,
                    "self": 1.5699988580308855e-06
                },
                "TrainerController._save_models": {
                    "total": 0.11132785300287651,
                    "count": 1,
                    "self": 0.0017449820043111686,
                    "children": {
                        "RLTrainer._checkpoint": {
                            "total": 0.10958287099856534,
                            "count": 1,
                            "self": 0.10958287099856534
                        }
                    }
                }
            }
        }
    }
}