{
    "name": "root",
    "metadata": {
        "timer_format_version": "0.1.0",
        "start_time_seconds": "1697576227",
        "python_version": "3.6.13 |Anaconda, Inc.| (default, Jun  4 2021, 14:25:59) \n[GCC 7.5.0]",
        "command_line_arguments": "/home/joshua/miniconda3/envs/ai_boat/bin/mlagents-learn config/boatAgent.yaml --run-id=firstShots_1",
        "mlagents_version": "0.26.0",
        "mlagents_envs_version": "0.26.0",
        "communication_protocol_version": "1.5.0",
        "pytorch_version": "1.8.1+cu102",
        "numpy_version": "1.19.5",
        "end_time_seconds": "1697576321"
    },
    "total": 94.37382445700496,
    "count": 1,
    "self": 0.004395410003780853,
    "children": {
        "run_training.setup": {
            "total": 0.010807787002704572,
            "count": 1,
            "self": 0.010807787002704572
        },
        "TrainerController.start_learning": {
            "total": 94.35862125999847,
            "count": 1,
            "self": 0.14327687187324045,
            "children": {
                "TrainerController._reset_env": {
                    "total": 32.893924654999864,
                    "count": 1,
                    "self": 32.893924654999864
                },
                "TrainerController.advance": {
                    "total": 61.216150740132434,
                    "count": 9601,
                    "self": 0.13627375580108492,
                    "children": {
                        "env_step": {
                            "total": 56.454020771037904,
                            "count": 9601,
                            "self": 40.93066269177507,
                            "children": {
                                "SubprocessEnvManager._take_step": {
                                    "total": 15.443464254953142,
                                    "count": 9601,
                                    "self": 0.39942049291857984,
                                    "children": {
                                        "TorchPolicy.evaluate": {
                                            "total": 15.044043762034562,
                                            "count": 9601,
                                            "self": 4.428916733071674,
                                            "children": {
                                                "TorchPolicy.sample_actions": {
                                                    "total": 10.615127028962888,
                                                    "count": 9601,
                                                    "self": 10.615127028962888
                                                }
                                            }
                                        }
                                    }
                                },
                                "workers": {
                                    "total": 0.07989382430969272,
                                    "count": 9600,
                                    "self": 0.0,
                                    "children": {
                                        "worker_root": {
                                            "total": 94.05611399499321,
                                            "count": 9600,
                                            "is_parallel": true,
                                            "self": 58.9198701829082,
                                            "children": {
                                                "run_training.setup": {
                                                    "total": 0.0,
                                                    "count": 0,
                                                    "is_parallel": true,
                                                    "self": 0.0,
                                                    "children": {
                                                        "steps_from_proto": {
                                                            "total": 0.0005520330014405772,
                                                            "count": 1,
                                                            "is_parallel": true,
                                                            "self": 0.00022393700055545196,
                                                            "children": {
                                                                "_process_rank_one_or_two_observation": {
                                                                    "total": 0.00032809600088512525,
                                                                    "count": 2,
                                                                    "is_parallel": true,
                                                                    "self": 0.00032809600088512525
                                                                }
                                                            }
                                                        },
                                                        "UnityEnvironment.step": {
                                                            "total": 0.12493116599944187,
                                                            "count": 1,
                                                            "is_parallel": true,
                                                            "self": 0.00013324100291356444,
                                                            "children": {
                                                                "UnityEnvironment._generate_step_input": {
                                                                    "total": 8.932500350056216e-05,
                                                                    "count": 1,
                                                                    "is_parallel": true,
                                                                    "self": 8.932500350056216e-05
                                                                },
                                                                "communicator.exchange": {
                                                                    "total": 0.12424417799775256,
                                                                    "count": 1,
                                                                    "is_parallel": true,
                                                                    "self": 0.12424417799775256
                                                                },
                                                                "steps_from_proto": {
                                                                    "total": 0.00046442199527518824,
                                                                    "count": 1,
                                                                    "is_parallel": true,
                                                                    "self": 0.00022472300042863935,
                                                                    "children": {
                                                                        "_process_rank_one_or_two_observation": {
                                                                            "total": 0.00023969899484654889,
                                                                            "count": 2,
                                                                            "is_parallel": true,