{
    "name": "root",
    "metadata": {
        "timer_format_version": "0.1.0",
        "start_time_seconds": "1697761453",
        "python_version": "3.6.13 |Anaconda, Inc.| (default, Jun  4 2021, 14:25:59) \n[GCC 7.5.0]",
        "command_line_arguments": "/home/joshua/miniconda3/envs/ai_boat/bin/mlagents-learn config/boatAgent.yaml --run-id=headless_10",
        "mlagents_version": "0.26.0",
        "mlagents_envs_version": "0.26.0",
        "communication_protocol_version": "1.5.0",
        "pytorch_version": "1.8.1+cu102",
        "numpy_version": "1.19.5",
        "end_time_seconds": "1697761567"
    },
    "total": 114.28918282700033,
    "count": 1,
    "self": 0.00437456599320285,
    "children": {
        "run_training.setup": {
            "total": 0.009850761001871433,
            "count": 1,
            "self": 0.009850761001871433
        },
        "TrainerController.start_learning": {
            "total": 114.27495750000526,
            "count": 1,
            "self": 0.01322612004878465,
            "children": {
                "TrainerController._reset_env": {
                    "total": 21.776362903998233,
                    "count": 1,
                    "self": 21.776362903998233
                },
                "TrainerController.advance": {
                    "total": 92.29969195996091,
                    "count": 867,
                    "self": 0.013878252961148974,
                    "children": {
                        "env_step": {
                            "total": 92.14453068199509,
                            "count": 867,
                            "self": 89.45533756788063,
                            "children": {
                                "SubprocessEnvManager._take_step": {
                                    "total": 2.681757877013297,
                                    "count": 867,
                                    "self": 0.037852151079277974,
                                    "children": {
                                        "TorchPolicy.evaluate": {
                                            "total": 2.643905725934019,
                                            "count": 867,
                                            "self": 0.33069884309225017,
                                            "children": {
                                                "TorchPolicy.sample_actions": {
                                                    "total": 2.3132068828417687,
                                                    "count": 867,
                                                    "self": 2.3132068828417687
                                                }
                                            }
                                        }
                                    }
                                },
                                "workers": {
                                    "total": 0.007435237101162784,
                                    "count": 866,
                                    "self": 0.0,
                                    "children": {
                                        "worker_root": {
                                            "total": 53.79682543700619,
                                            "count": 866,
                                            "is_parallel": true,
                                            "self": 25.189346562023275,
                                            "children": {
                                                "run_training.setup": {
                                                    "total": 0.0,
                                                    "count": 0,
                                                    "is_parallel": true,
                                                    "self": 0.0,
                                                    "children": {
                                                        "steps_from_proto": {
                                                            "total": 0.000510327001393307,
                                                            "count": 1,
                                                            "is_parallel": true,
                                                            "self": 0.00025278900284320116,
                                                            "children": {
                                                                "_process_rank_one_or_two_observation": {
                                                                    "total": 0.00025753799855010584,
                                                                    "count": 2,
                                                                    "is_parallel": true,
                                                                    "self": 0.00025753799855010584
                                                                }
                                                            }
                                                        },
                                                        "UnityEnvironment.step": {
                                                            "total": 0.01884934600093402,
                                                            "count": 1,
                                                            "is_parallel": true,
                                                            "self": 7.344199548242614e-05,
                                                            "children": {
                                                                "UnityEnvironment._generate_step_input": {
                                                                    "total": 0.00016064800001913682,
                                                                    "count": 1,
                                                                    "is_parallel": true,
                                                                    "self": 0.00016064800001913682
                                                                },
                                                                "communicator.exchange": {
                                                                    "total": 0.01836304700555047,
                                                                    "count": 1,
                                                                    "is_parallel": true,
                                                                    "self": 0.01836304700555047
                                                                },
                                                                "steps_from_proto": {
                                                                    "total": 0.00025220899988198653,
                                                                    "count": 1,
                                                                    "is_parallel": true,
                                                                    "self": 0.00014833199384156615,
                                                                    "children": {
                                                                        "_process_rank_one_or_two_observation": {
                                                                            "total": 0.00010387700604042038,
                                                                            "count": 2,
                                                                            "is_parallel": true,