{
    "name": "root",
    "metadata": {
        "timer_format_version": "0.1.0",
        "start_time_seconds": "1698301467",
        "python_version": "3.6.13 |Anaconda, Inc.| (default, Jun  4 2021, 14:25:59) \n[GCC 7.5.0]",
        "command_line_arguments": "/home/joshua/miniconda3/envs/ai_boat/bin/mlagents-learn config/boatAgent.yaml --run-id=headless_12",
        "mlagents_version": "0.26.0",
        "mlagents_envs_version": "0.26.0",
        "communication_protocol_version": "1.5.0",
        "pytorch_version": "1.8.1+cu102",
        "numpy_version": "1.19.5",
        "end_time_seconds": "1698301507"
    },
    "total": 40.12249889800023,
    "count": 1,
    "self": 0.004431844999999157,
    "children": {
        "run_training.setup": {
            "total": 0.01255087600020488,
            "count": 1,
            "self": 0.01255087600020488
        },
        "TrainerController.start_learning": {
            "total": 40.10551617700003,
            "count": 1,
            "self": 0.038750386962419725,
            "children": {
                "TrainerController._reset_env": {
                    "total": 17.06875036599922,
                    "count": 1,
                    "self": 17.06875036599922
                },
                "TrainerController.advance": {
                    "total": 22.81357726603892,
                    "count": 2917,
                    "self": 0.04015683403122239,
                    "children": {
                        "env_step": {
                            "total": 22.452113805018598,
                            "count": 2917,
                            "self": 13.910530027006644,
                            "children": {
                                "SubprocessEnvManager._take_step": {
                                    "total": 8.518408536006064,
                                    "count": 2917,
                                    "self": 0.11506462298257247,
                                    "children": {
                                        "TorchPolicy.evaluate": {
                                            "total": 8.403343913023491,
                                            "count": 2917,
                                            "self": 1.0004591530441758,
                                            "children": {
                                                "TorchPolicy.sample_actions": {
                                                    "total": 7.402884759979315,
                                                    "count": 2917,
                                                    "self": 7.402884759979315
                                                }
                                            }
                                        }
                                    }
                                },
                                "workers": {
                                    "total": 0.02317524200589105,
                                    "count": 2916,
                                    "self": 0.0,
                                    "children": {
                                        "worker_root": {
                                            "total": 39.861002094005016,
                                            "count": 2916,
                                            "is_parallel": true,
                                            "self": 27.65966360101811,
                                            "children": {
                                                "run_training.setup": {
                                                    "total": 0.0,
                                                    "count": 0,
                                                    "is_parallel": true,
                                                    "self": 0.0,
                                                    "children": {
                                                        "steps_from_proto": {
                                                            "total": 0.0018874140005209483,
                                                            "count": 1,
                                                            "is_parallel": true,
                                                            "self": 0.0015773590002936544,
                                                            "children": {
                                                                "_process_rank_one_or_two_observation": {
                                                                    "total": 0.00031005500022729393,
                                                                    "count": 2,
                                                                    "is_parallel": true,
                                                                    "self": 0.00031005500022729393
                                                                }
                                                            }
                                                        },
                                                        "UnityEnvironment.step": {
                                                            "total": 0.02913472799991723,
                                                            "count": 1,
                                                            "is_parallel": true,
                                                            "self": 6.943799871805822e-05,
                                                            "children": {
                                                                "UnityEnvironment._generate_step_input": {
                                                                    "total": 8.570299996790709e-05,
                                                                    "count": 1,
                                                                    "is_parallel": true,
                                                                    "self": 8.570299996790709e-05
                                                                },
                                                                "communicator.exchange": {
                                                                    "total": 0.028748129000632616,
                                                                    "count": 1,
                                                                    "is_parallel": true,
                                                                    "self": 0.028748129000632616
                                                                },
                                                                "steps_from_proto": {
                                                                    "total": 0.00023145800059864996,
                                                                    "count": 1,
                                                                    "is_parallel": true,
                                                                    "self": 0.000135551999846939,
                                                                    "children": {
                                                                        "_process_rank_one_or_two_observation": {
                                                                            "total": 9.590600075171096e-05,
                                                                            "count": 2,
                                                                            "is_parallel": true,