{
    "name": "root",
    "gauges": {
        "BoatAgent.Policy.Entropy.mean": {
            "value": 0.5779083967208862,
            "min": 0.4981785714626312,
            "max": 0.9253888130187988,
            "count": 5
        },
        "BoatAgent.Policy.Entropy.sum": {
            "value": 5788.33056640625,
            "min": 5000.21826171875,
            "max": 9270.544921875,
            "count": 5
        },
        "BoatAgent.Step.mean": {
            "value": 49973.0,
            "min": 9954.0,
            "max": 49973.0,
            "count": 5
        },
        "BoatAgent.Step.sum": {
            "value": 49973.0,
            "min": 9954.0,
            "max": 49973.0,
            "count": 5
        },
        "BoatAgent.Policy.ExtrinsicValueEstimate.mean": {
            "value": 0.7569363117218018,
            "min": 0.7569363117218018,
            "max": 32.86576461791992,
            "count": 5
        },
        "BoatAgent.Policy.ExtrinsicValueEstimate.sum": {
            "value": 120.35287475585938,
            "min": 120.35287475585938,
            "max": 5159.9248046875,
            "count": 5
        },
        "BoatAgent.Policy.CuriosityValueEstimate.mean": {
            "value": 17.40338897705078,
            "min": -18.148046493530273,
            "max": 34.889488220214844,
            "count": 5
        },
        "BoatAgent.Policy.CuriosityValueEstimate.sum": {
            "value": 2767.138916015625,
            "min": -2849.2431640625,
            "max": 5547.4287109375,
            "count": 5
        },
        "BoatAgent.Losses.PolicyLoss.mean": {
            "value": 0.06878494378987753,
            "min": 0.06685484561603516,
            "max": 0.12194272365498666,
            "count": 5
        },
        "BoatAgent.Losses.PolicyLoss.sum": {
            "value": 0.20635483136963256,
            "min": 0.13370969123207033,
            "max": 0.24388544730997333,
            "count": 5
        },
        "BoatAgent.Losses.ValueLoss.mean": {
            "value": 2.898980315774679,
            "min": 2.898980315774679,
            "max": 167.2882424990336,
            "count": 5
        },
        "BoatAgent.Losses.ValueLoss.sum": {
            "value": 8.696940947324038,
            "min": 8.696940947324038,
            "max": 334.5764849980672,
            "count": 5
        },
        "BoatAgent.Policy.LearningRate.mean": {
            "value": 0.0003,
            "min": 0.0003,
            "max": 0.0003,
            "count": 5
        },
        "BoatAgent.Policy.LearningRate.sum": {
            "value": 0.0009,
            "min": 0.0006,
            "max": 0.0009,
            "count": 5
        },
        "BoatAgent.Policy.Epsilon.mean": {
            "value": 0.19999999999999998,
            "min": 0.19999999999999998,
            "max": 0.19999999999999998,
            "count": 5
        },
        "BoatAgent.Policy.Epsilon.sum": {
            "value": 0.6,
            "min": 0.39999999999999997,
            "max": 0.6,
            "count": 5
        },
        "BoatAgent.Policy.Beta.mean": {
            "value": 0.0005000000000000001,
            "min": 0.0005000000000000001,
            "max": 0.0005000000000000001,
            "count": 5
        },
        "BoatAgent.Policy.Beta.sum": {
            "value": 0.0015000000000000005,
            "min": 0.0010000000000000002,
            "max": 0.0015000000000000005,
            "count": 5
        },
        "BoatAgent.Losses.CuriosityForwardLoss.mean": {
            "value": 0.5198387756115861,
            "min": 0.5198387756115861,
            "max": 22726.276671091717,
            "count": 5
        },
        "BoatAgent.Losses.CuriosityForwardLoss.sum": {
            "value": 1.5595163268347583,
            "min": 1.533681096509099,
            "max": 45452.55334218343,
            "count": 5
        },
        "BoatAgent.Losses.CuriosityInverseLoss.mean": {
            "value": 0.861865549451775,
            "min": 0.861865549451775,
            "max": 5.813004605472088,
            "count": 5
        },
        "BoatAgent.Losses.CuriosityInverseLoss.sum": {
            "value": 2.5855966483553248,
            "min": 1.837739215542873,
            "max": 11.626009210944176,
            "count": 5
        },
        "BoatAgent.Environment.EpisodeLength.mean": {
            "value": 2155.8,
            "min": 1186.5,
            "max": 5145.5,
            "count": 5
        },
        "BoatAgent.Environment.EpisodeLength.sum": {
            "value": 10779.0,
            "min": 9243.0,
            "max": 10779.0,
            "count": 5
        },
        "BoatAgent.Environment.CumulativeReward.mean": {
            "value": -6.27310300944373,
            "min": -10.203599971791846,
            "max": 10.364293695893139,
            "count": 5
        },
        "BoatAgent.Environment.CumulativeReward.sum": {
            "value": -31.36551504721865,
            "min": -81.62879977433477,
            "max": 20.728587391786277,
            "count": 5
        },
        "BoatAgent.Policy.ExtrinsicReward.mean": {
            "value": -6.27310300944373,
            "min": -10.203599971791846,
            "max": 10.364293695893139,
            "count": 5
        },
        "BoatAgent.Policy.ExtrinsicReward.sum": {
            "value": -31.36551504721865,
            "min": -81.62879977433477,
            "max": 20.728587391786277,
            "count": 5
        },
        "BoatAgent.Policy.CuriosityReward.mean": {
            "value": 152.50557587146758,
            "min": 79.83021810650826,
            "max": 4120.074180603027,
            "count": 5
        },
        "BoatAgent.Policy.CuriosityReward.sum": {
            "value": 762.527879357338,
            "min": 558.8115267455578,
            "max": 8240.148361206055,
            "count": 5
        },
        "BoatAgent.IsTraining.mean": {
            "value": 1.0,
            "min": 1.0,
            "max": 1.0,
            "count": 5
        },
        "BoatAgent.IsTraining.sum": {
            "value": 1.0,
            "min": 1.0,
            "max": 1.0,
            "count": 5
        }
    },
    "metadata": {
        "timer_format_version": "0.1.0",
        "start_time_seconds": "1699024075",
        "python_version": "3.6.13 |Anaconda, Inc.| (default, Jun  4 2021, 14:25:59) \n[GCC 7.5.0]",
        "command_line_arguments": "/home/joshua/miniconda3/envs/ai_boat/bin/mlagents-learn config/boatAgent.yaml --run-id=kiteboat_17",
        "mlagents_version": "0.26.0",
        "mlagents_envs_version": "0.26.0",
        "communication_protocol_version": "1.5.0",
        "pytorch_version": "1.8.1+cu102",
        "numpy_version": "1.19.5",
        "end_time_seconds": "1699024442"
    },
    "total": 367.45347924999805,
    "count": 1,
    "self": 0.005136477997439215,
    "children": {
        "run_training.setup": {
            "total": 0.0120531700013089,
            "count": 1,
            "self": 0.0120531700013089
        },
        "TrainerController.start_learning": {
            "total": 367.4362896019993,
            "count": 1,
            "self": 0.8240930715328432,
            "children": {
                "TrainerController._reset_env": {
                    "total": 22.73519881899847,
                    "count": 1,
                    "self": 22.73519881899847
                },
                "TrainerController.advance": {
                    "total": 343.76724534346795,
                    "count": 56270,
                    "self": 0.8444963103611371,
                    "children": {
                        "env_step": {
                            "total": 313.2777880487629,
                            "count": 56270,
                            "self": 219.0442919398447,
                            "children": {
                                "SubprocessEnvManager._take_step": {
                                    "total": 93.7181847513857,
                                    "count": 56270,