{
    "name": "root",
    "metadata": {
        "timer_format_version": "0.1.0",
        "start_time_seconds": "1697761134",
        "python_version": "3.6.13 |Anaconda, Inc.| (default, Jun  4 2021, 14:25:59) \n[GCC 7.5.0]",
        "command_line_arguments": "/home/joshua/miniconda3/envs/ai_boat/bin/mlagents-learn config/boatAgent.yaml --run-id=headless_8 --num-envs 4 --env=../../Builds/build5.x86_64 --force --no-graphics",
        "mlagents_version": "0.26.0",
        "mlagents_envs_version": "0.26.0",
        "communication_protocol_version": "1.5.0",
        "pytorch_version": "1.8.1+cu102",
        "numpy_version": "1.19.5",
        "end_time_seconds": "1697761232"
    },
    "total": 97.64552014799847,
    "count": 1,
    "self": 10.006008089003444,
    "children": {
        "run_training.setup": {
            "total": 0.035465974993712734,
            "count": 1,
            "self": 0.035465974993712734
        },
        "TrainerController.start_learning": {
            "total": 87.60404608400131,
            "count": 1,
            "self": 0.040110156216542237,
            "children": {
                "TrainerController._reset_env": {
                    "total": 3.988341992997448,
                    "count": 1,
                    "self": 3.988341992997448
                },
                "TrainerController.advance": {
                    "total": 83.3718888447911,
                    "count": 1801,
                    "self": 0.037499147503694985,
                    "children": {
                        "env_step": {
                            "total": 82.91845959518832,
                            "count": 1801,
                            "self": 71.02767812593811,
                            "children": {
                                "SubprocessEnvManager._take_step": {
                                    "total": 11.863958202113281,
                                    "count": 3268,
                                    "self": 0.18884315629838966,
                                    "children": {
                                        "TorchPolicy.evaluate": {
                                            "total": 11.675115045814891,
                                            "count": 3268,
                                            "self": 1.4511090578162111,
                                            "children": {
                                                "TorchPolicy.sample_actions": {
                                                    "total": 10.22400598799868,
                                                    "count": 3268,
                                                    "self": 10.22400598799868
                                                }
                                            }
                                        }
                                    }
                                },
                                "workers": {
                                    "total": 0.026823267136933282,
                                    "count": 1800,
                                    "self": 0.0,
                                    "children": {
                                        "worker_root": {
                                            "total": 134.41278719113325,
                                            "count": 3264,
                                            "is_parallel": true,
                                            "self": 50.751349523474346,
                                            "children": {
                                                "run_training.setup": {
                                                    "total": 0.0,
                                                    "count": 0,
                                                    "is_parallel": true,
                                                    "self": 0.0,
                                                    "children": {
                                                        "steps_from_proto": {
                                                            "total": 0.0037050410101073794,
                                                            "count": 4,
                                                            "is_parallel": true,
                                                            "self": 0.0018488260029698722,
                                                            "children": {
                                                                "_process_rank_one_or_two_observation": {
                                                                    "total": 0.0018562150071375072,
                                                                    "count": 8,
                                                                    "is_parallel": true,
                                                                    "self": 0.0018562150071375072
                                                                }
                                                            }
                                                        },
                                                        "UnityEnvironment.step": {
                                                            "total": 0.09286845198948868,
                                                            "count": 4,
                                                            "is_parallel": true,
                                                            "self": 0.0003624749951995909,
                                                            "children": {
                                                                "UnityEnvironment._generate_step_input": {
                                                                    "total": 0.0004549979930743575,
                                                                    "count": 4,
                                                                    "is_parallel": true,
                                                                    "self": 0.0004549979930743575
                                                                },
                                                                "communicator.exchange": {
                                                                    "total": 0.09091823999915505,
                                                                    "count": 4,
                                                                    "is_parallel": true,
                                                                    "self": 0.09091823999915505
                                                                },
                                                                "steps_from_proto": {
                                                                    "total": 0.0011327390020596795,
                                                                    "count": 4,
                                                                    "is_parallel": true,
                                                                    "self": 0.0007057539914967492,
                                                                    "children": {
                                                                        "_process_rank_one_or_two_observation": {
                                                                            "total": 0.00042698501056293026,
                                                                            "count": 8,
                                                                            "is_parallel": true,