{
    "name": "root",
    "gauges": {
        "BoatAgent.Policy.Entropy.mean": {
            "value": 0.9202910661697388,
            "min": 0.9202910661697388,
            "max": 1.0459121465682983,
            "count": 2
        },
        "BoatAgent.Policy.Entropy.sum": {
            "value": 9184.5048828125,
            "min": 9184.5048828125,
            "max": 10497.8203125,
            "count": 2
        },
        "BoatAgent.Step.mean": {
            "value": 19953.0,
            "min": 9973.0,
            "max": 19953.0,
            "count": 2
        },
        "BoatAgent.Step.sum": {
            "value": 19953.0,
            "min": 9973.0,
            "max": 19953.0,
            "count": 2
        },
        "BoatAgent.Policy.ExtrinsicValueEstimate.mean": {
            "value": 183681253376.0,
            "min": -13.710511207580566,
            "max": 183681253376.0,
            "count": 2
        },
        "BoatAgent.Policy.ExtrinsicValueEstimate.sum": {
            "value": 30858450829312.0,
            "min": -2221.102783203125,
            "max": 30858450829312.0,
            "count": 2
        },
        "BoatAgent.Policy.CuriosityValueEstimate.mean": {
            "value": 216624021504.0,
            "min": -17.602764129638672,
            "max": 216624021504.0,
            "count": 2
        },
        "BoatAgent.Policy.CuriosityValueEstimate.sum": {
            "value": 36392834957312.0,
            "min": -2851.647705078125,
            "max": 36392834957312.0,
            "count": 2
        },
        "BoatAgent.Environment.EpisodeLength.mean": {
            "value": 428.1666666666667,
            "min": 428.1666666666667,
            "max": 1057.3333333333333,
            "count": 2
        },
        "BoatAgent.Environment.EpisodeLength.sum": {
            "value": 10276.0,
            "min": 9516.0,
            "max": 10276.0,
            "count": 2
        },
        "BoatAgent.Environment.CumulativeReward.mean": {
            "value": 382625708.0164073,
            "min": -3.1472044854373156,
            "max": 382625708.0164073,
            "count": 2
        },
        "BoatAgent.Environment.CumulativeReward.sum": {
            "value": 9183016992.393776,
            "min": -28.32484036893584,
            "max": 9183016992.393776,
            "count": 2
        },
        "BoatAgent.Policy.ExtrinsicReward.mean": {
            "value": 382625708.0164073,
            "min": -3.1472044854373156,
            "max": 382625708.0164073,
            "count": 2
        },
        "BoatAgent.Policy.ExtrinsicReward.sum": {
            "value": 9183016992.393776,
            "min": -28.32484036893584,
            "max": 9183016992.393776,
            "count": 2
        },
        "BoatAgent.Policy.CuriosityReward.mean": {
            "value": 175.49693231036267,
            "min": 175.49693231036267,
            "max": 575.0971340073479,
            "count": 2
        },
        "BoatAgent.Policy.CuriosityReward.sum": {
            "value": 4211.926375448704,
            "min": 4211.926375448704,
            "max": 5175.874206066132,
            "count": 2
        },
        "BoatAgent.Losses.PolicyLoss.mean": {
            "value": 0.06874853505481346,
            "min": 0.06874853505481346,
            "max": 0.08102312166010961,
            "count": 2
        },
        "BoatAgent.Losses.PolicyLoss.sum": {
            "value": 0.13749707010962692,
            "min": 0.13749707010962692,
            "max": 0.16204624332021922,
            "count": 2
        },
        "BoatAgent.Losses.ValueLoss.mean": {
            "value": 22.06084391412636,
            "min": 22.06084391412636,
            "max": 112.72370586792628,
            "count": 2
        },
        "BoatAgent.Losses.ValueLoss.sum": {
            "value": 44.12168782825272,
            "min": 44.12168782825272,
            "max": 225.44741173585257,
            "count": 2
        },
        "BoatAgent.Policy.LearningRate.mean": {
            "value": 0.0003,
            "min": 0.0003,
            "max": 0.0003,
            "count": 2
        },
        "BoatAgent.Policy.LearningRate.sum": {
            "value": 0.0006,
            "min": 0.0006,
            "max": 0.0006,
            "count": 2
        },
        "BoatAgent.Policy.Epsilon.mean": {
            "value": 0.19999999999999998,
            "min": 0.19999999999999998,
            "max": 0.19999999999999998,
            "count": 2
        },
        "BoatAgent.Policy.Epsilon.sum": {
            "value": 0.39999999999999997,
            "min": 0.39999999999999997,
            "max": 0.39999999999999997,
            "count": 2
        },
        "BoatAgent.Policy.Beta.mean": {
            "value": 0.0005000000000000001,
            "min": 0.0005000000000000001,
            "max": 0.0005000000000000001,
            "count": 2
        },
        "BoatAgent.Policy.Beta.sum": {
            "value": 0.0010000000000000002,
            "min": 0.0010000000000000002,
            "max": 0.0010000000000000002,
            "count": 2
        },
        "BoatAgent.Losses.CuriosityForwardLoss.mean": {
            "value": 33.50593296190103,
            "min": 33.50593296190103,
            "max": 17145.15192083518,
            "count": 2
        },
        "BoatAgent.Losses.CuriosityForwardLoss.sum": {
            "value": 67.01186592380206,
            "min": 67.01186592380206,
            "max": 34290.30384167036,
            "count": 2
        },
        "BoatAgent.Losses.CuriosityInverseLoss.mean": {
            "value": 1.598159079129497,
            "min": 1.598159079129497,
            "max": 3.9452143255621195,
            "count": 2
        },
        "BoatAgent.Losses.CuriosityInverseLoss.sum": {
            "value": 3.196318158258994,
            "min": 3.196318158258994,
            "max": 7.890428651124239,
            "count": 2
        },
        "BoatAgent.IsTraining.mean": {
            "value": 1.0,
            "min": 1.0,
            "max": 1.0,
            "count": 2
        },
        "BoatAgent.IsTraining.sum": {
            "value": 1.0,
            "min": 1.0,
            "max": 1.0,
            "count": 2
        }
    },
    "metadata": {
        "timer_format_version": "0.1.0",
        "start_time_seconds": "1699023567",
        "python_version": "3.6.13 |Anaconda, Inc.| (default, Jun  4 2021, 14:25:59) \n[GCC 7.5.0]",
        "command_line_arguments": "/home/joshua/miniconda3/envs/ai_boat/bin/mlagents-learn config/boatAgent.yaml --run-id=kiteboat_14",
        "mlagents_version": "0.26.0",
        "mlagents_envs_version": "0.26.0",
        "communication_protocol_version": "1.5.0",
        "pytorch_version": "1.8.1+cu102",
        "numpy_version": "1.19.5",
        "end_time_seconds": "1699023717"
    },
    "total": 149.9737766069993,
    "count": 1,
    "self": 0.004891955000857706,
    "children": {
        "run_training.setup": {
            "total": 0.014211694999175961,
            "count": 1,
            "self": 0.014211694999175961
        },
        "TrainerController.start_learning": {
            "total": 149.95467295699927,
            "count": 1,
            "self": 0.29928506081341766,
            "children": {
                "TrainerController._reset_env": {
                    "total": 28.226833071999863,
                    "count": 1,
                    "self": 28.226833071999863
                },
                "TrainerController.advance": {
                    "total": 121.30996896518627,
                    "count": 20644,
                    "self": 0.31121018739759165,
                    "children": {
                        "env_step": {
                            "total": 109.28014222175261,
                            "count": 20644,
                            "self": 74.44661738075592,
                            "children": {
                                "SubprocessEnvManager._take_step": {
                                    "total": 34.64822372809067,