{
    "name": "root",
    "metadata": {
        "timer_format_version": "0.1.0",
        "start_time_seconds": "1697719281",
        "python_version": "3.6.13 |Anaconda, Inc.| (default, Jun  4 2021, 14:25:59) \n[GCC 7.5.0]",
        "command_line_arguments": "/home/joshua/miniconda3/envs/ai_boat/bin/mlagents-learn config/boatAgent.yaml --run-id=2nd_go_25",
        "mlagents_version": "0.26.0",
        "mlagents_envs_version": "0.26.0",
        "communication_protocol_version": "1.5.0",
        "pytorch_version": "1.8.1+cu102",
        "numpy_version": "1.19.5",
        "end_time_seconds": "1697719388"
    },
    "total": 106.81461659999877,
    "count": 1,
    "self": 0.004170203998000943,
    "children": {
        "run_training.setup": {
            "total": 0.009145408001131727,
            "count": 1,
            "self": 0.009145408001131727
        },
        "TrainerController.start_learning": {
            "total": 106.80130098799964,
            "count": 1,
            "self": 0.19508003598275536,
            "children": {
                "TrainerController._reset_env": {
                    "total": 15.92197269099961,
                    "count": 1,
                    "self": 15.92197269099961
                },
                "TrainerController.advance": {
                    "total": 90.57518004501799,
                    "count": 14334,
                    "self": 0.19420554691532743,
                    "children": {
                        "env_step": {
                            "total": 83.73028192504171,
                            "count": 14334,
                            "self": 60.86014014513785,
                            "children": {
                                "SubprocessEnvManager._take_step": {
                                    "total": 22.754666123941206,
                                    "count": 14334,
                                    "self": 0.5628016550472239,
                                    "children": {
                                        "TorchPolicy.evaluate": {
                                            "total": 22.191864468893982,
                                            "count": 14334,
                                            "self": 5.185988673109023,
                                            "children": {
                                                "TorchPolicy.sample_actions": {
                                                    "total": 17.00587579578496,
                                                    "count": 14334,
                                                    "self": 17.00587579578496
                                                }
                                            }
                                        }
                                    }
                                },
                                "workers": {
                                    "total": 0.11547565596265486,
                                    "count": 14333,
                                    "self": 0.0,
                                    "children": {
                                        "worker_root": {
                                            "total": 106.43027393400007,
                                            "count": 14333,
                                            "is_parallel": true,
                                            "self": 53.68005028205698,
                                            "children": {
                                                "run_training.setup": {
                                                    "total": 0.0,
                                                    "count": 0,
                                                    "is_parallel": true,
                                                    "self": 0.0,
                                                    "children": {
                                                        "steps_from_proto": {
                                                            "total": 0.0008506630001647864,
                                                            "count": 1,
                                                            "is_parallel": true,
                                                            "self": 0.00039498899968748447,
                                                            "children": {
                                                                "_process_rank_one_or_two_observation": {
                                                                    "total": 0.0004556740004773019,
                                                                    "count": 2,
                                                                    "is_parallel": true,
                                                                    "self": 0.0004556740004773019
                                                                }
                                                            }
                                                        },
                                                        "UnityEnvironment.step": {
                                                            "total": 0.026236371999402763,
                                                            "count": 1,
                                                            "is_parallel": true,
                                                            "self": 8.31220004329225e-05,
                                                            "children": {
                                                                "UnityEnvironment._generate_step_input": {
                                                                    "total": 8.56810002005659e-05,
                                                                    "count": 1,
                                                                    "is_parallel": true,
                                                                    "self": 8.56810002005659e-05
                                                                },
                                                                "communicator.exchange": {
                                                                    "total": 0.02583859699916502,
                                                                    "count": 1,
                                                                    "is_parallel": true,
                                                                    "self": 0.02583859699916502
                                                                },
                                                                "steps_from_proto": {
                                                                    "total": 0.00022897199960425496,
                                                                    "count": 1,
                                                                    "is_parallel": true,
                                                                    "self": 0.0001357669989374699,
                                                                    "children": {
                                                                        "_process_rank_one_or_two_observation": {
                                                                            "total": 9.320500066678505e-05,
                                                                            "count": 2,
                                                                            "is_parallel": true,