{
    "name": "root",
    "metadata": {
        "timer_format_version": "0.1.0",
        "start_time_seconds": "1697713635",
        "python_version": "3.6.13 |Anaconda, Inc.| (default, Jun  4 2021, 14:25:59) \n[GCC 7.5.0]",
        "command_line_arguments": "/home/joshua/miniconda3/envs/ai_boat/bin/mlagents-learn config/boatAgent.yaml --run-id=2nd_go_2",
        "mlagents_version": "0.26.0",
        "mlagents_envs_version": "0.26.0",
        "communication_protocol_version": "1.5.0",
        "pytorch_version": "1.8.1+cu102",
        "numpy_version": "1.19.5",
        "end_time_seconds": "1697713698"
    },
    "total": 63.01816218000022,
    "count": 1,
    "self": 0.004589266000039061,
    "children": {
        "run_training.setup": {
            "total": 0.011029520999727538,
            "count": 1,
            "self": 0.011029520999727538
        },
        "TrainerController.start_learning": {
            "total": 63.00254339300045,
            "count": 1,
            "self": 0.017846279037257773,
            "children": {
                "TrainerController._reset_env": {
                    "total": 11.848409091999201,
                    "count": 1,
                    "self": 11.848409091999201
                },
                "TrainerController.advance": {
                    "total": 51.04896332296266,
                    "count": 1084,
                    "self": 0.01798090988813783,
                    "children": {
                        "env_step": {
                            "total": 50.90993291204177,
                            "count": 1084,
                            "self": 48.96245216504212,
                            "children": {
                                "SubprocessEnvManager._take_step": {
                                    "total": 1.937084801009405,
                                    "count": 1084,
                                    "self": 0.04586189001565799,
                                    "children": {
                                        "TorchPolicy.evaluate": {
                                            "total": 1.891222910993747,
                                            "count": 1084,
                                            "self": 0.5434641610336257,
                                            "children": {
                                                "TorchPolicy.sample_actions": {
                                                    "total": 1.3477587499601213,
                                                    "count": 1084,
                                                    "self": 1.3477587499601213
                                                }
                                            }
                                        }
                                    }
                                },
                                "workers": {
                                    "total": 0.010395945990239852,
                                    "count": 1083,
                                    "self": 0.0,
                                    "children": {
                                        "worker_root": {
                                            "total": 62.775785564992475,
                                            "count": 1083,
                                            "is_parallel": true,
                                            "self": 14.662529791999987,
                                            "children": {
                                                "run_training.setup": {
                                                    "total": 0.0,
                                                    "count": 0,
                                                    "is_parallel": true,
                                                    "self": 0.0,
                                                    "children": {
                                                        "steps_from_proto": {
                                                            "total": 0.0005709199995180825,
                                                            "count": 1,
                                                            "is_parallel": true,
                                                            "self": 0.00027209399922867306,
                                                            "children": {
                                                                "_process_rank_one_or_two_observation": {
                                                                    "total": 0.0002988260002894094,
                                                                    "count": 2,
                                                                    "is_parallel": true,
                                                                    "self": 0.0002988260002894094
                                                                }
                                                            }
                                                        },
                                                        "UnityEnvironment.step": {
                                                            "total": 0.018641267000930384,
                                                            "count": 1,
                                                            "is_parallel": true,
                                                            "self": 7.33520009816857e-05,
                                                            "children": {
                                                                "UnityEnvironment._generate_step_input": {
                                                                    "total": 0.00016909499936446082,
                                                                    "count": 1,
                                                                    "is_parallel": true,
                                                                    "self": 0.00016909499936446082
                                                                },
                                                                "communicator.exchange": {
                                                                    "total": 0.018175785000494216,
                                                                    "count": 1,
                                                                    "is_parallel": true,
                                                                    "self": 0.018175785000494216
                                                                },
                                                                "steps_from_proto": {
                                                                    "total": 0.00022303500009002164,
                                                                    "count": 1,
                                                                    "is_parallel": true,
                                                                    "self": 0.00013263300024846103,
                                                                    "children": {
                                                                        "_process_rank_one_or_two_observation": {
                                                                            "total": 9.040199984156061e-05,
                                                                            "count": 2,
                                                                            "is_parallel": true,