{
    "name": "root",
    "gauges": {
        "BoatAgent.Policy.Entropy.mean": {
            "value": -2.3518894920471212e-07,
            "min": -2.3621585398814204e-07,
            "max": 0.2612144947052002,
            "count": 4
        },
        "BoatAgent.Policy.Entropy.sum": {
            "value": -0.0023547117598354816,
            "min": -0.0023579066619277,
            "max": 2619.9814453125,
            "count": 4
        },
        "BoatAgent.Step.mean": {
            "value": 39948.0,
            "min": 9966.0,
            "max": 39948.0,
            "count": 4
        },
        "BoatAgent.Step.sum": {
            "value": 39948.0,
            "min": 9966.0,
            "max": 39948.0,
            "count": 4
        },
        "BoatAgent.Policy.ExtrinsicValueEstimate.mean": {
            "value": 0.3192627429962158,
            "min": -6.48954439163208,
            "max": 0.3192627429962158,
            "count": 4
        },
        "BoatAgent.Policy.ExtrinsicValueEstimate.sum": {
            "value": 51.08203887939453,
            "min": -1031.8375244140625,
            "max": 51.08203887939453,
            "count": 4
        },
        "BoatAgent.Policy.CuriosityValueEstimate.mean": {
            "value": 17.34305191040039,
            "min": -5.828136920928955,
            "max": 24.23032569885254,
            "count": 4
        },
        "BoatAgent.Policy.CuriosityValueEstimate.sum": {
            "value": 2774.88818359375,
            "min": -926.6737670898438,
            "max": 3876.85205078125,
            "count": 4
        },
        "BoatAgent.Environment.EpisodeLength.mean": {
            "value": 677.5714285714286,
            "min": 677.5714285714286,
            "max": 1749.0,
            "count": 4
        },
        "BoatAgent.Environment.EpisodeLength.sum": {
            "value": 9486.0,
            "min": 8745.0,
            "max": 10740.0,
            "count": 4
        },
        "BoatAgent.Environment.CumulativeReward.mean": {
            "value": -1.6531289738913377,
            "min": -1.6531289738913377,
            "max": -1.188217359643507,
            "count": 4
        },
        "BoatAgent.Environment.CumulativeReward.sum": {
            "value": -24.796934608370066,
            "min": -24.796934608370066,
            "max": -7.129304157861043,
            "count": 4
        },
        "BoatAgent.Policy.ExtrinsicReward.mean": {
            "value": -1.6531289738913377,
            "min": -1.6531289738913377,
            "max": -1.188217359643507,
            "count": 4
        },
        "BoatAgent.Policy.ExtrinsicReward.sum": {
            "value": -24.796934608370066,
            "min": -24.796934608370066,
            "max": -7.129304157861043,
            "count": 4
        },
        "BoatAgent.Policy.CuriosityReward.mean": {
            "value": 48.71300477484862,
            "min": 48.71300477484862,
            "max": 896.2430194854736,
            "count": 4
        },
        "BoatAgent.Policy.CuriosityReward.sum": {
            "value": 730.6950716227293,
            "min": 438.7114546895027,
            "max": 4481.215097427368,
            "count": 4
        },
        "BoatAgent.Losses.PolicyLoss.mean": {
            "value": 0.07384594281029422,
            "min": 0.06327968304200719,
            "max": 0.07404727040799722,
            "count": 4
        },
        "BoatAgent.Losses.PolicyLoss.sum": {
            "value": 0.14769188562058844,
            "min": 0.1393837037224633,
            "max": 0.18983904912602156,
            "count": 4
        },
        "BoatAgent.Losses.ValueLoss.mean": {
            "value": 7.877584836135308,
            "min": 2.8912012320425777,
            "max": 82.33325560887654,
            "count": 4
        },
        "BoatAgent.Losses.ValueLoss.sum": {
            "value": 15.755169672270616,
            "min": 8.673603696127733,
            "max": 164.66651121775308,
            "count": 4
        },
        "BoatAgent.Policy.LearningRate.mean": {
            "value": 0.0003,
            "min": 0.0003,
            "max": 0.0003,
            "count": 4
        },
        "BoatAgent.Policy.LearningRate.sum": {
            "value": 0.0006,
            "min": 0.0006,
            "max": 0.0009,
            "count": 4
        },
        "BoatAgent.Policy.Epsilon.mean": {
            "value": 0.19999999999999998,
            "min": 0.19999999999999998,
            "max": 0.19999999999999998,
            "count": 4
        },
        "BoatAgent.Policy.Epsilon.sum": {
            "value": 0.39999999999999997,
            "min": 0.39999999999999997,
            "max": 0.6,
            "count": 4
        },
        "BoatAgent.Policy.Beta.mean": {
            "value": 0.0005000000000000001,
            "min": 0.0005000000000000001,
            "max": 0.0005000000000000001,
            "count": 4
        },
        "BoatAgent.Policy.Beta.sum": {
            "value": 0.0010000000000000002,
            "min": 0.0010000000000000002,
            "max": 0.0015000000000000005,
            "count": 4
        },
        "BoatAgent.Losses.CuriosityForwardLoss.mean": {
            "value": 9.38536363785776,
            "min": 0.7035843122543559,
            "max": 16657.738768696785,
            "count": 4
        },
        "BoatAgent.Losses.CuriosityForwardLoss.sum": {
            "value": 18.77072727571552,
            "min": 2.1107529367630677,
            "max": 33315.47753739357,
            "count": 4
        },
        "BoatAgent.Losses.CuriosityInverseLoss.mean": {
            "value": 0.1421568993537221,
            "min": 0.1421568993537221,
            "max": 1.9946639989502728,
            "count": 4
        },
        "BoatAgent.Losses.CuriosityInverseLoss.sum": {
            "value": 0.2843137987074442,
            "min": 0.2843137987074442,
            "max": 3.9893279979005456,
            "count": 4
        },
        "BoatAgent.IsTraining.mean": {
            "value": 1.0,
            "min": 1.0,
            "max": 1.0,
            "count": 4
        },
        "BoatAgent.IsTraining.sum": {
            "value": 1.0,
            "min": 1.0,
            "max": 1.0,
            "count": 4
        }
    },
    "metadata": {
        "timer_format_version": "0.1.0",
        "start_time_seconds": "1699025389",
        "python_version": "3.6.13 |Anaconda, Inc.| (default, Jun  4 2021, 14:25:59) \n[GCC 7.5.0]",
        "command_line_arguments": "/home/joshua/miniconda3/envs/ai_boat/bin/mlagents-learn config/boatAgent.yaml --run-id=kiteboat_22",
        "mlagents_version": "0.26.0",
        "mlagents_envs_version": "0.26.0",
        "communication_protocol_version": "1.5.0",
        "pytorch_version": "1.8.1+cu102",
        "numpy_version": "1.19.5",
        "end_time_seconds": "1699025682"
    },
    "total": 292.26064944500104,
    "count": 1,
    "self": 0.004946158001985168,
    "children": {
        "run_training.setup": {
            "total": 0.015535745998931816,
            "count": 1,
            "self": 0.015535745998931816
        },
        "TrainerController.start_learning": {
            "total": 292.2401675410001,
            "count": 1,
            "self": 0.6954895663839125,
            "children": {
                "TrainerController._reset_env": {
                    "total": 12.69117704099699,
                    "count": 1,
                    "self": 12.69117704099699
                },
                "TrainerController.advance": {
                    "total": 278.7375003636189,
                    "count": 45440,
                    "self": 0.6864719361510652,
                    "children": {
                        "env_step": {
                            "total": 252.14759876186145,
                            "count": 45440,
                            "self": 173.45626626650483,