{
    "name": "root",
    "gauges": {
        "BoatAgent.Policy.Entropy.mean": {
            "value": 0.6710672378540039,
            "min": 0.6710672378540039,
            "max": 1.0600374937057495,
            "count": 3
        },
        "BoatAgent.Policy.Entropy.sum": {
            "value": 6738.857421875,
            "min": 6738.857421875,
            "max": 10618.3955078125,
            "count": 3
        },
        "BoatAgent.Step.mean": {
            "value": 29995.0,
            "min": 9959.0,
            "max": 29995.0,
            "count": 3
        },
        "BoatAgent.Step.sum": {
            "value": 29995.0,
            "min": 9959.0,
            "max": 29995.0,
            "count": 3
        },
        "BoatAgent.Policy.ExtrinsicValueEstimate.mean": {
            "value": 9.324396133422852,
            "min": 9.324396133422852,
            "max": 39.71085739135742,
            "count": 3
        },
        "BoatAgent.Policy.ExtrinsicValueEstimate.sum": {
            "value": 1491.9034423828125,
            "min": 1491.9034423828125,
            "max": 6314.0263671875,
            "count": 3
        },
        "BoatAgent.Policy.CuriosityValueEstimate.mean": {
            "value": 55.37062454223633,
            "min": 55.37062454223633,
            "max": 73.82781982421875,
            "count": 3
        },
        "BoatAgent.Policy.CuriosityValueEstimate.sum": {
            "value": 8859.2998046875,
            "min": 8859.2998046875,
            "max": 11812.451171875,
            "count": 3
        },
        "BoatAgent.Environment.EpisodeLength.mean": {
            "value": 824.0,
            "min": 824.0,
            "max": 1251.125,
            "count": 3
        },
        "BoatAgent.Environment.EpisodeLength.sum": {
            "value": 8240.0,
            "min": 8240.0,
            "max": 10009.0,
            "count": 3
        },
        "BoatAgent.Environment.CumulativeReward.mean": {
            "value": -8.741784562547268,
            "min": -8.896295016456861,
            "max": -7.575697934088696,
            "count": 3
        },
        "BoatAgent.Environment.CumulativeReward.sum": {
            "value": -96.15963018801995,
            "min": -106.75554019748233,
            "max": -53.029885538620874,
            "count": 3
        },
        "BoatAgent.Policy.ExtrinsicReward.mean": {
            "value": -8.741784562547268,
            "min": -8.896295016456861,
            "max": -7.575697934088696,
            "count": 3
        },
        "BoatAgent.Policy.ExtrinsicReward.sum": {
            "value": -96.15963018801995,
            "min": -106.75554019748233,
            "max": -53.029885538620874,
            "count": 3
        },
        "BoatAgent.Policy.CuriosityReward.mean": {
            "value": 60.98496865142476,
            "min": 60.98496865142476,
            "max": 807.1277285984585,
            "count": 3
        },
        "BoatAgent.Policy.CuriosityReward.sum": {
            "value": 670.8346551656723,
            "min": 670.8346551656723,
            "max": 5952.362056255341,
            "count": 3
        },
        "BoatAgent.Losses.PolicyLoss.mean": {
            "value": 0.07327209775232606,
            "min": 0.07327209775232606,
            "max": 0.17428443147218786,
            "count": 3
        },
        "BoatAgent.Losses.PolicyLoss.sum": {
            "value": 0.21981629325697816,
            "min": 0.21981629325697816,
            "max": 0.3485688629443757,
            "count": 3
        },
        "BoatAgent.Losses.ValueLoss.mean": {
            "value": 25.627139538526535,
            "min": 18.421201730767887,
            "max": 133.75447756052017,
            "count": 3
        },
        "BoatAgent.Losses.ValueLoss.sum": {
            "value": 76.8814186155796,
            "min": 36.842403461535774,
            "max": 267.50895512104034,
            "count": 3
        },
        "BoatAgent.Policy.LearningRate.mean": {
            "value": 0.0003,
            "min": 0.0003,
            "max": 0.0003,
            "count": 3
        },
        "BoatAgent.Policy.LearningRate.sum": {
            "value": 0.0009,
            "min": 0.0006,
            "max": 0.0009,
            "count": 3
        },
        "BoatAgent.Policy.Epsilon.mean": {
            "value": 0.19999999999999998,
            "min": 0.19999999999999998,
            "max": 0.19999999999999998,
            "count": 3
        },
        "BoatAgent.Policy.Epsilon.sum": {
            "value": 0.6,
            "min": 0.39999999999999997,
            "max": 0.6,
            "count": 3
        },
        "BoatAgent.Policy.Beta.mean": {
            "value": 0.0005000000000000001,
            "min": 0.0005000000000000001,
            "max": 0.0005000000000000001,
            "count": 3
        },
        "BoatAgent.Policy.Beta.sum": {
            "value": 0.0015000000000000005,
            "min": 0.0010000000000000002,
            "max": 0.0015000000000000005,
            "count": 3
        },
        "BoatAgent.Losses.CuriosityForwardLoss.mean": {
            "value": 1.0828692217667897,
            "min": 1.0828692217667897,
            "max": 24890.804570357006,
            "count": 3
        },
        "BoatAgent.Losses.CuriosityForwardLoss.sum": {
            "value": 3.2486076653003693,
            "min": 3.2486076653003693,
            "max": 49781.60914071401,
            "count": 3
        },
        "BoatAgent.Losses.CuriosityInverseLoss.mean": {
            "value": 1.5218613797591791,
            "min": 1.4760477847109237,
            "max": 3.9554626581569514,
            "count": 3
        },
        "BoatAgent.Losses.CuriosityInverseLoss.sum": {
            "value": 4.565584139277537,
            "min": 2.9520955694218474,
            "max": 7.910925316313903,
            "count": 3
        },
        "BoatAgent.IsTraining.mean": {
            "value": 1.0,
            "min": 1.0,
            "max": 1.0,
            "count": 3
        },
        "BoatAgent.IsTraining.sum": {
            "value": 1.0,
            "min": 1.0,
            "max": 1.0,
            "count": 3
        }
    },
    "metadata": {
        "timer_format_version": "0.1.0",
        "start_time_seconds": "1699022602",
        "python_version": "3.6.13 |Anaconda, Inc.| (default, Jun  4 2021, 14:25:59) \n[GCC 7.5.0]",
        "command_line_arguments": "/home/joshua/miniconda3/envs/ai_boat/bin/mlagents-learn config/boatAgent.yaml --run-id=kiteboat_12",
        "mlagents_version": "0.26.0",
        "mlagents_envs_version": "0.26.0",
        "communication_protocol_version": "1.5.0",
        "pytorch_version": "1.8.1+cu102",
        "numpy_version": "1.19.5",
        "end_time_seconds": "1699022829"
    },
    "total": 226.6134960490017,
    "count": 1,
    "self": 0.004419596001753234,
    "children": {
        "run_training.setup": {
            "total": 0.011880272000780678,
            "count": 1,
            "self": 0.011880272000780678
        },
        "TrainerController.start_learning": {
            "total": 226.59719618099916,
            "count": 1,
            "self": 0.5367975101489719,
            "children": {
                "TrainerController._reset_env": {
                    "total": 12.559637174001182,
                    "count": 1,
                    "self": 12.559637174001182
                },
                "TrainerController.advance": {
                    "total": 213.39319545685066,
                    "count": 36817,
                    "self": 0.5607661390695284,
                    "children": {
                        "env_step": {
                            "total": 194.22532205600328,
                            "count": 36817,
                            "self": 130.41573896600312,
                            "children": {
                                "SubprocessEnvManager._take_step": {
                                    "total": 63.47412836789772,
                                    "count": 36817,