{
    "name": "root",
    "gauges": {
        "BoatAgent.Policy.Entropy.mean": {
            "value": 5.4964423179626465,
            "min": 5.4964423179626465,
            "max": 5.4964423179626465,
            "count": 1
        },
        "BoatAgent.Policy.Entropy.sum": {
            "value": 54964.421875,
            "min": 54964.421875,
            "max": 54964.421875,
            "count": 1
        },
        "BoatAgent.Step.mean": {
            "value": 9999.0,
            "min": 9999.0,
            "max": 9999.0,
            "count": 1
        },
        "BoatAgent.Step.sum": {
            "value": 9999.0,
            "min": 9999.0,
            "max": 9999.0,
            "count": 1
        },
        "BoatAgent.Policy.ExtrinsicValueEstimate.mean": {
            "value": 349.97235107421875,
            "min": 349.97235107421875,
            "max": 349.97235107421875,
            "count": 1
        },
        "BoatAgent.Policy.ExtrinsicValueEstimate.sum": {
            "value": 3327537.0,
            "min": 3327537.0,
            "max": 3327537.0,
            "count": 1
        },
        "BoatAgent.Policy.CuriosityValueEstimate.mean": {
            "value": -0.732424259185791,
            "min": -0.732424259185791,
            "max": -0.732424259185791,
            "count": 1
        },
        "BoatAgent.Policy.CuriosityValueEstimate.sum": {
            "value": -6963.89013671875,
            "min": -6963.89013671875,
            "max": -6963.89013671875,
            "count": 1
        },
        "BoatAgent.Environment.EpisodeLength.mean": {
            "value": 0.05241001894338034,
            "min": 0.05241001894338034,
            "max": 0.05241001894338034,
            "count": 1
        },
        "BoatAgent.Environment.EpisodeLength.sum": {
            "value": 498.0,
            "min": 498.0,
            "max": 498.0,
            "count": 1
        },
        "BoatAgent.Environment.CumulativeReward.mean": {
            "value": 847.9135067899217,
            "min": 847.9135067899217,
            "max": 847.9135067899217,
            "count": 1
        },
        "BoatAgent.Environment.CumulativeReward.sum": {
            "value": 8056026.228011047,
            "min": 8056026.228011047,
            "max": 8056026.228011047,
            "count": 1
        },
        "BoatAgent.Policy.ExtrinsicReward.mean": {
            "value": 847.9135067899217,
            "min": 847.9135067899217,
            "max": 847.9135067899217,
            "count": 1
        },
        "BoatAgent.Policy.ExtrinsicReward.sum": {
            "value": 8056026.228011047,
            "min": 8056026.228011047,
            "max": 8056026.228011047,
            "count": 1
        },
        "BoatAgent.Policy.CuriosityReward.mean": {
            "value": 0.011445603964979893,
            "min": 0.011445603964979893,
            "max": 0.011445603964979893,
            "count": 1
        },
        "BoatAgent.Policy.CuriosityReward.sum": {
            "value": 108.74468327127397,
            "min": 108.74468327127397,
            "max": 108.74468327127397,
            "count": 1
        },
        "BoatAgent.Losses.PolicyLoss.mean": {
            "value": 0.062451247450856805,
            "min": 0.062451247450856805,
            "max": 0.062451247450856805,
            "count": 1
        },
        "BoatAgent.Losses.PolicyLoss.sum": {
            "value": 0.12490249490171361,
            "min": 0.12490249490171361,
            "max": 0.12490249490171361,
            "count": 1
        },
        "BoatAgent.Losses.ValueLoss.mean": {
            "value": 4685041.846618652,
            "min": 4685041.846618652,
            "max": 4685041.846618652,
            "count": 1
        },
        "BoatAgent.Losses.ValueLoss.sum": {
            "value": 9370083.693237305,
            "min": 9370083.693237305,
            "max": 9370083.693237305,
            "count": 1
        },
        "BoatAgent.Policy.LearningRate.mean": {
            "value": 0.0003,
            "min": 0.0003,
            "max": 0.0003,
            "count": 1
        },
        "BoatAgent.Policy.LearningRate.sum": {
            "value": 0.0006,
            "min": 0.0006,
            "max": 0.0006,
            "count": 1
        },
        "BoatAgent.Policy.Epsilon.mean": {
            "value": 0.19999999999999998,
            "min": 0.19999999999999998,
            "max": 0.19999999999999998,
            "count": 1
        },
        "BoatAgent.Policy.Epsilon.sum": {
            "value": 0.39999999999999997,
            "min": 0.39999999999999997,
            "max": 0.39999999999999997,
            "count": 1
        },
        "BoatAgent.Policy.Beta.mean": {
            "value": 0.0005000000000000001,
            "min": 0.0005000000000000001,
            "max": 0.0005000000000000001,
            "count": 1
        },
        "BoatAgent.Policy.Beta.sum": {
            "value": 0.0010000000000000002,
            "min": 0.0010000000000000002,
            "max": 0.0010000000000000002,
            "count": 1
        },
        "BoatAgent.Losses.CuriosityForwardLoss.mean": {
            "value": 19.10132534429431,
            "min": 19.10132534429431,
            "max": 19.10132534429431,
            "count": 1
        },
        "BoatAgent.Losses.CuriosityForwardLoss.sum": {
            "value": 38.20265068858862,
            "min": 38.20265068858862,
            "max": 38.20265068858862,
            "count": 1
        },
        "BoatAgent.Losses.CuriosityInverseLoss.mean": {
            "value": 5.640794900556406,
            "min": 5.640794900556406,
            "max": 5.640794900556406,
            "count": 1
        },
        "BoatAgent.Losses.CuriosityInverseLoss.sum": {
            "value": 11.281589801112812,
            "min": 11.281589801112812,
            "max": 11.281589801112812,
            "count": 1
        },
        "BoatAgent.IsTraining.mean": {
            "value": 1.0,
            "min": 1.0,
            "max": 1.0,
            "count": 1
        },
        "BoatAgent.IsTraining.sum": {
            "value": 1.0,
            "min": 1.0,
            "max": 1.0,
            "count": 1
        }
    },
    "metadata": {
        "timer_format_version": "0.1.0",
        "start_time_seconds": "1697741257",
        "python_version": "3.6.13 |Anaconda, Inc.| (default, Jun  4 2021, 14:25:59) \n[GCC 7.5.0]",
        "command_line_arguments": "/home/joshua/miniconda3/envs/ai_boat/bin/mlagents-learn config/boatAgent.yaml --run-id=1stgo_nav_18",
        "mlagents_version": "0.26.0",
        "mlagents_envs_version": "0.26.0",
        "communication_protocol_version": "1.5.0",
        "pytorch_version": "1.8.1+cu102",
        "numpy_version": "1.19.5",
        "end_time_seconds": "1697741472"
    },
    "total": 214.35221716100205,
    "count": 1,
    "self": 0.004565229995932896,
    "children": {
        "run_training.setup": {
            "total": 0.010301727001206018,
            "count": 1,
            "self": 0.010301727001206018
        },
        "TrainerController.start_learning": {
            "total": 214.3373502040049,
            "count": 1,
            "self": 0.2827208632734255,
            "children": {
                "TrainerController._reset_env": {
                    "total": 11.810485463000077,
                    "count": 1,
                    "self": 11.810485463000077
                },
                "TrainerController.advance": {
                    "total": 201.97746075273608,
                    "count": 15051,
                    "self": 0.26600414457789157,
                    "children": {
                        "env_step": {
                            "total": 147.87786220930138,
                            "count": 15051,
                            "self": 88.98020493209333,
                            "children": {
                                "SubprocessEnvManager._take_step": {
                                    "total": 58.753252313210396,