{
    "name": "root",
    "gauges": {
        "BoatAgent.Policy.Entropy.mean": {
            "value": 0.49717435240745544,
            "min": 0.49717435240745544,
            "max": 0.49717435240745544,
            "count": 1
        },
        "BoatAgent.Policy.Entropy.sum": {
            "value": 4989.14453125,
            "min": 4989.14453125,
            "max": 4989.14453125,
            "count": 1
        },
        "BoatAgent.Step.mean": {
            "value": 9971.0,
            "min": 9971.0,
            "max": 9971.0,
            "count": 1
        },
        "BoatAgent.Step.sum": {
            "value": 9971.0,
            "min": 9971.0,
            "max": 9971.0,
            "count": 1
        },
        "BoatAgent.Policy.ExtrinsicValueEstimate.mean": {
            "value": -50.10893630981445,
            "min": -50.10893630981445,
            "max": -50.10893630981445,
            "count": 1
        },
        "BoatAgent.Policy.ExtrinsicValueEstimate.sum": {
            "value": -8017.4296875,
            "min": -8017.4296875,
            "max": -8017.4296875,
            "count": 1
        },
        "BoatAgent.Policy.CuriosityValueEstimate.mean": {
            "value": -20.30375099182129,
            "min": -20.30375099182129,
            "max": -20.30375099182129,
            "count": 1
        },
        "BoatAgent.Policy.CuriosityValueEstimate.sum": {
            "value": -3248.60009765625,
            "min": -3248.60009765625,
            "max": -3248.60009765625,
            "count": 1
        },
        "BoatAgent.Environment.EpisodeLength.mean": {
            "value": 616.8,
            "min": 616.8,
            "max": 616.8,
            "count": 1
        },
        "BoatAgent.Environment.EpisodeLength.sum": {
            "value": 9252.0,
            "min": 9252.0,
            "max": 9252.0,
            "count": 1
        },
        "BoatAgent.Environment.CumulativeReward.mean": {
            "value": -8.901996062556282,
            "min": -8.901996062556282,
            "max": -8.901996062556282,
            "count": 1
        },
        "BoatAgent.Environment.CumulativeReward.sum": {
            "value": -133.52994093834423,
            "min": -133.52994093834423,
            "max": -133.52994093834423,
            "count": 1
        },
        "BoatAgent.Policy.ExtrinsicReward.mean": {
            "value": -8.901996062556282,
            "min": -8.901996062556282,
            "max": -8.901996062556282,
            "count": 1
        },
        "BoatAgent.Policy.ExtrinsicReward.sum": {
            "value": -133.52994093834423,
            "min": -133.52994093834423,
            "max": -133.52994093834423,
            "count": 1
        },
        "BoatAgent.Policy.CuriosityReward.mean": {
            "value": 312.0932223002116,
            "min": 312.0932223002116,
            "max": 312.0932223002116,
            "count": 1
        },
        "BoatAgent.Policy.CuriosityReward.sum": {
            "value": 4681.398334503174,
            "min": 4681.398334503174,
            "max": 4681.398334503174,
            "count": 1
        },
        "BoatAgent.Losses.PolicyLoss.mean": {
            "value": 0.07759967532668573,
            "min": 0.07759967532668573,
            "max": 0.07759967532668573,
            "count": 1
        },
        "BoatAgent.Losses.PolicyLoss.sum": {
            "value": 0.15519935065337145,
            "min": 0.15519935065337145,
            "max": 0.15519935065337145,
            "count": 1
        },
        "BoatAgent.Losses.ValueLoss.mean": {
            "value": 195.12157320976257,
            "min": 195.12157320976257,
            "max": 195.12157320976257,
            "count": 1
        },
        "BoatAgent.Losses.ValueLoss.sum": {
            "value": 390.24314641952515,
            "min": 390.24314641952515,
            "max": 390.24314641952515,
            "count": 1
        },
        "BoatAgent.Policy.LearningRate.mean": {
            "value": 0.0003,
            "min": 0.0003,
            "max": 0.0003,
            "count": 1
        },
        "BoatAgent.Policy.LearningRate.sum": {
            "value": 0.0006,
            "min": 0.0006,
            "max": 0.0006,
            "count": 1
        },
        "BoatAgent.Policy.Epsilon.mean": {
            "value": 0.19999999999999998,
            "min": 0.19999999999999998,
            "max": 0.19999999999999998,
            "count": 1
        },
        "BoatAgent.Policy.Epsilon.sum": {
            "value": 0.39999999999999997,
            "min": 0.39999999999999997,
            "max": 0.39999999999999997,
            "count": 1
        },
        "BoatAgent.Policy.Beta.mean": {
            "value": 0.0005000000000000001,
            "min": 0.0005000000000000001,
            "max": 0.0005000000000000001,
            "count": 1
        },
        "BoatAgent.Policy.Beta.sum": {
            "value": 0.0010000000000000002,
            "min": 0.0010000000000000002,
            "max": 0.0010000000000000002,
            "count": 1
        },
        "BoatAgent.Losses.CuriosityForwardLoss.mean": {
            "value": 19741.00703843435,
            "min": 19741.00703843435,
            "max": 19741.00703843435,
            "count": 1
        },
        "BoatAgent.Losses.CuriosityForwardLoss.sum": {
            "value": 39482.0140768687,
            "min": 39482.0140768687,
            "max": 39482.0140768687,
            "count": 1
        },
        "BoatAgent.Losses.CuriosityInverseLoss.mean": {
            "value": 2.8337592324241996,
            "min": 2.8337592324241996,
            "max": 2.8337592324241996,
            "count": 1
        },
        "BoatAgent.Losses.CuriosityInverseLoss.sum": {
            "value": 5.667518464848399,
            "min": 5.667518464848399,
            "max": 5.667518464848399,
            "count": 1
        },
        "BoatAgent.IsTraining.mean": {
            "value": 1.0,
            "min": 1.0,
            "max": 1.0,
            "count": 1
        },
        "BoatAgent.IsTraining.sum": {
            "value": 1.0,
            "min": 1.0,
            "max": 1.0,
            "count": 1
        }
    },
    "metadata": {
        "timer_format_version": "0.1.0",
        "start_time_seconds": "1699023034",
        "python_version": "3.6.13 |Anaconda, Inc.| (default, Jun  4 2021, 14:25:59) \n[GCC 7.5.0]",
        "command_line_arguments": "/home/joshua/miniconda3/envs/ai_boat/bin/mlagents-learn config/boatAgent.yaml --run-id=kiteboat_13",
        "mlagents_version": "0.26.0",
        "mlagents_envs_version": "0.26.0",
        "communication_protocol_version": "1.5.0",
        "pytorch_version": "1.8.1+cu102",
        "numpy_version": "1.19.5",
        "end_time_seconds": "1699023157"
    },
    "total": 123.60479449000013,
    "count": 1,
    "self": 0.004817412000193144,
    "children": {
        "run_training.setup": {
            "total": 0.011833111999294488,
            "count": 1,
            "self": 0.011833111999294488
        },
        "TrainerController.start_learning": {
            "total": 123.58814396600064,
            "count": 1,
            "self": 0.28629233191895764,
            "children": {
                "TrainerController._reset_env": {
                    "total": 10.091576467999403,
                    "count": 1,
                    "self": 10.091576467999403
                },
                "TrainerController.advance": {
                    "total": 113.09708436508117,
                    "count": 19734,
                    "self": 0.2873400811076863,
                    "children": {
                        "env_step": {
                            "total": 103.49060903602549,
                            "count": 19734,
                            "self": 70.28057453399742,
                            "children": {
                                "SubprocessEnvManager._take_step": {
                                    "total": 33.03903068697218,