{
    "name": "root",
    "metadata": {
        "timer_format_version": "0.1.0",
        "start_time_seconds": "1697717614",
        "python_version": "3.6.13 |Anaconda, Inc.| (default, Jun  4 2021, 14:25:59) \n[GCC 7.5.0]",
        "command_line_arguments": "/home/joshua/miniconda3/envs/ai_boat/bin/mlagents-learn config/boatAgent.yaml --run-id=2nd_go_18",
        "mlagents_version": "0.26.0",
        "mlagents_envs_version": "0.26.0",
        "communication_protocol_version": "1.5.0",
        "pytorch_version": "1.8.1+cu102",
        "numpy_version": "1.19.5",
        "end_time_seconds": "1697717689"
    },
    "total": 74.87658104699949,
    "count": 1,
    "self": 0.004564273998767021,
    "children": {
        "run_training.setup": {
            "total": 0.010935708000033628,
            "count": 1,
            "self": 0.010935708000033628
        },
        "TrainerController.start_learning": {
            "total": 74.86108106500069,
            "count": 1,
            "self": 0.14156302898118156,
            "children": {
                "TrainerController._reset_env": {
                    "total": 10.031914126999254,
                    "count": 1,
                    "self": 10.031914126999254
                },
                "TrainerController.advance": {
                    "total": 64.57970491202104,
                    "count": 9451,
                    "self": 0.13794266805052757,
                    "children": {
                        "env_step": {
                            "total": 59.93942621407041,
                            "count": 9451,
                            "self": 44.699632906875195,
                            "children": {
                                "SubprocessEnvManager._take_step": {
                                    "total": 15.157985042029395,
                                    "count": 9451,
                                    "self": 0.3982638211309677,
                                    "children": {
                                        "TorchPolicy.evaluate": {
                                            "total": 14.759721220898427,
                                            "count": 9451,
                                            "self": 3.3690807129332825,
                                            "children": {
                                                "TorchPolicy.sample_actions": {
                                                    "total": 11.390640507965145,
                                                    "count": 9451,
                                                    "self": 11.390640507965145
                                                }
                                            }
                                        }
                                    }
                                },
                                "workers": {
                                    "total": 0.08180826516581874,
                                    "count": 9450,
                                    "self": 0.0,
                                    "children": {
                                        "worker_root": {
                                            "total": 74.47876960600661,
                                            "count": 9450,
                                            "is_parallel": true,
                                            "self": 35.51280095395123,
                                            "children": {
                                                "run_training.setup": {
                                                    "total": 0.0,
                                                    "count": 0,
                                                    "is_parallel": true,
                                                    "self": 0.0,
                                                    "children": {
                                                        "steps_from_proto": {
                                                            "total": 0.000766446999477921,
                                                            "count": 1,
                                                            "is_parallel": true,
                                                            "self": 0.00037792099828948267,
                                                            "children": {
                                                                "_process_rank_one_or_two_observation": {
                                                                    "total": 0.0003885260011884384,
                                                                    "count": 2,
                                                                    "is_parallel": true,
                                                                    "self": 0.0003885260011884384
                                                                }
                                                            }
                                                        },
                                                        "UnityEnvironment.step": {
                                                            "total": 0.02142452800035244,
                                                            "count": 1,
                                                            "is_parallel": true,
                                                            "self": 7.34309996914817e-05,
                                                            "children": {
                                                                "UnityEnvironment._generate_step_input": {
                                                                    "total": 8.889200034900568e-05,
                                                                    "count": 1,
                                                                    "is_parallel": true,
                                                                    "self": 8.889200034900568e-05
                                                                },
                                                                "communicator.exchange": {
                                                                    "total": 0.021040646000983543,
                                                                    "count": 1,
                                                                    "is_parallel": true,
                                                                    "self": 0.021040646000983543
                                                                },
                                                                "steps_from_proto": {
                                                                    "total": 0.0002215589993284084,
                                                                    "count": 1,
                                                                    "is_parallel": true,
                                                                    "self": 0.0001299579980695853,
                                                                    "children": {
                                                                        "_process_rank_one_or_two_observation": {
                                                                            "total": 9.160100125882309e-05,
                                                                            "count": 2,
                                                                            "is_parallel": true,