{"cameraMode":{"drawMode":0,"name":"Shaded","section":"Shading Mode"},"sceneLighting":true,"audioPlay":false,"sceneViewState":{"m_AlwaysRefresh":false,"showFog":true,"showSkybox":true,"showFlares":true,"showImageEffects":true,"showParticleSystems":true,"showVisualEffectGraphs":true,"m_FxEnabled":true},"in2DMode":false,"pivot":{"x":5.983917236328125,"y":-186.00714111328126,"z":67.65618896484375},"rotation":{"x":0.16904538869857789,"y":-0.8053299784660339,"z":0.5496096611022949,"w":0.14422860741615296},"size":110.43419647216797,"orthographic":true}