{"cameraMode":{"drawMode":0,"name":"Shaded","section":"Shading Mode"},"sceneLighting":true,"audioPlay":false,"sceneViewState":{"m_AlwaysRefresh":false,"showFog":true,"showSkybox":true,"showFlares":true,"showImageEffects":true,"showParticleSystems":true,"showVisualEffectGraphs":true,"m_FxEnabled":true},"in2DMode":false,"pivot":{"x":123.16912841796875,"y":30.45796775817871,"z":107.46195983886719},"rotation":{"x":0.03324047476053238,"y":-0.8919391632080078,"z":0.4467986524105072,"w":-0.06088937819004059},"size":103.50733947753906,"orthographic":true}