{
    "name": "root",
    "gauges": {
        "BoatAgent.Policy.Entropy.mean": {
            "value": 4.791653633117676,
            "min": 4.791653633117676,
            "max": 4.791653633117676,
            "count": 1
        },
        "BoatAgent.Policy.Entropy.sum": {
            "value": 47978.828125,
            "min": 47978.828125,
            "max": 47978.828125,
            "count": 1
        },
        "BoatAgent.Step.mean": {
            "value": 9949.0,
            "min": 9949.0,
            "max": 9949.0,
            "count": 1
        },
        "BoatAgent.Step.sum": {
            "value": 9949.0,
            "min": 9949.0,
            "max": 9949.0,
            "count": 1
        },
        "BoatAgent.Policy.ExtrinsicValueEstimate.mean": {
            "value": -169.94558715820312,
            "min": -169.94558715820312,
            "max": -169.94558715820312,
            "count": 1
        },
        "BoatAgent.Policy.ExtrinsicValueEstimate.sum": {
            "value": -27871.076171875,
            "min": -27871.076171875,
            "max": -27871.076171875,
            "count": 1
        },
        "BoatAgent.Policy.CuriosityValueEstimate.mean": {
            "value": -8.254908561706543,
            "min": -8.254908561706543,
            "max": -8.254908561706543,
            "count": 1
        },
        "BoatAgent.Policy.CuriosityValueEstimate.sum": {
            "value": -1353.8050537109375,
            "min": -1353.8050537109375,
            "max": -1353.8050537109375,
            "count": 1
        },
        "BoatAgent.Environment.EpisodeLength.mean": {
            "value": 505.7894736842105,
            "min": 505.7894736842105,
            "max": 505.7894736842105,
            "count": 1
        },
        "BoatAgent.Environment.EpisodeLength.sum": {
            "value": 9610.0,
            "min": 9610.0,
            "max": 9610.0,
            "count": 1
        },
        "BoatAgent.Environment.CumulativeReward.mean": {
            "value": -5018.688361458088,
            "min": -5018.688361458088,
            "max": -5018.688361458088,
            "count": 1
        },
        "BoatAgent.Environment.CumulativeReward.sum": {
            "value": -95355.07886770368,
            "min": -95355.07886770368,
            "max": -95355.07886770368,
            "count": 1
        },
        "BoatAgent.Policy.ExtrinsicReward.mean": {
            "value": -5018.688361458088,
            "min": -5018.688361458088,
            "max": -5018.688361458088,
            "count": 1
        },
        "BoatAgent.Policy.ExtrinsicReward.sum": {
            "value": -95355.07886770368,
            "min": -95355.07886770368,
            "max": -95355.07886770368,
            "count": 1
        },
        "BoatAgent.Policy.CuriosityReward.mean": {
            "value": 24.529508527956512,
            "min": 24.529508527956512,
            "max": 24.529508527956512,
            "count": 1
        },
        "BoatAgent.Policy.CuriosityReward.sum": {
            "value": 466.0606620311737,
            "min": 466.0606620311737,
            "max": 466.0606620311737,
            "count": 1
        },
        "BoatAgent.Losses.PolicyLoss.mean": {
            "value": 0.0632003092711481,
            "min": 0.0632003092711481,
            "max": 0.0632003092711481,
            "count": 1
        },
        "BoatAgent.Losses.PolicyLoss.sum": {
            "value": 0.1264006185422962,
            "min": 0.1264006185422962,
            "max": 0.1264006185422962,
            "count": 1
        },
        "BoatAgent.Losses.ValueLoss.mean": {
            "value": 19325.610026041664,
            "min": 19325.610026041664,
            "max": 19325.610026041664,
            "count": 1
        },
        "BoatAgent.Losses.ValueLoss.sum": {
            "value": 38651.22005208333,
            "min": 38651.22005208333,
            "max": 38651.22005208333,
            "count": 1
        },
        "BoatAgent.Policy.LearningRate.mean": {
            "value": 0.0003,
            "min": 0.0003,
            "max": 0.0003,
            "count": 1
        },
        "BoatAgent.Policy.LearningRate.sum": {
            "value": 0.0006,
            "min": 0.0006,
            "max": 0.0006,
            "count": 1
        },
        "BoatAgent.Policy.Epsilon.mean": {
            "value": 0.19999999999999998,
            "min": 0.19999999999999998,
            "max": 0.19999999999999998,
            "count": 1
        },
        "BoatAgent.Policy.Epsilon.sum": {
            "value": 0.39999999999999997,
            "min": 0.39999999999999997,
            "max": 0.39999999999999997,
            "count": 1
        },
        "BoatAgent.Policy.Beta.mean": {
            "value": 0.0005000000000000001,
            "min": 0.0005000000000000001,
            "max": 0.0005000000000000001,
            "count": 1
        },
        "BoatAgent.Policy.Beta.sum": {
            "value": 0.0010000000000000002,
            "min": 0.0010000000000000002,
            "max": 0.0010000000000000002,
            "count": 1
        },
        "BoatAgent.Losses.CuriosityForwardLoss.mean": {
            "value": 1014.3349145933365,
            "min": 1014.3349145933365,
            "max": 1014.3349145933365,
            "count": 1
        },
        "BoatAgent.Losses.CuriosityForwardLoss.sum": {
            "value": 2028.669829186673,
            "min": 2028.669829186673,
            "max": 2028.669829186673,
            "count": 1
        },
        "BoatAgent.Losses.CuriosityInverseLoss.mean": {
            "value": 5.798213293155035,
            "min": 5.798213293155035,
            "max": 5.798213293155035,
            "count": 1
        },
        "BoatAgent.Losses.CuriosityInverseLoss.sum": {
            "value": 11.59642658631007,
            "min": 11.59642658631007,
            "max": 11.59642658631007,
            "count": 1
        },
        "BoatAgent.IsTraining.mean": {
            "value": 1.0,
            "min": 1.0,
            "max": 1.0,
            "count": 1
        },
        "BoatAgent.IsTraining.sum": {
            "value": 1.0,
            "min": 1.0,
            "max": 1.0,
            "count": 1
        }
    },
    "metadata": {
        "timer_format_version": "0.1.0",
        "start_time_seconds": "1697739407",
        "python_version": "3.6.13 |Anaconda, Inc.| (default, Jun  4 2021, 14:25:59) \n[GCC 7.5.0]",
        "command_line_arguments": "/home/joshua/miniconda3/envs/ai_boat/bin/mlagents-learn config/boatAgent.yaml --run-id=1stgo_nav_12",
        "mlagents_version": "0.26.0",
        "mlagents_envs_version": "0.26.0",
        "communication_protocol_version": "1.5.0",
        "pytorch_version": "1.8.1+cu102",
        "numpy_version": "1.19.5",
        "end_time_seconds": "1697739542"
    },
    "total": 134.9549515720064,
    "count": 1,
    "self": 0.004501249015447684,
    "children": {
        "run_training.setup": {
            "total": 0.010953640994557645,
            "count": 1,
            "self": 0.010953640994557645
        },
        "TrainerController.start_learning": {
            "total": 134.9394966819964,
            "count": 1,
            "self": 0.20633047707087826,
            "children": {
                "TrainerController._reset_env": {
                    "total": 8.983763488002296,
                    "count": 1,
                    "self": 8.983763488002296
                },
                "TrainerController.advance": {
                    "total": 125.49145859092096,
                    "count": 14484,
                    "self": 0.21223771758377552,
                    "children": {
                        "env_step": {
                            "total": 116.7196591509055,
                            "count": 14484,
                            "self": 60.59577939079463,
                            "children": {
                                "SubprocessEnvManager._take_step": {
                                    "total": 55.99861358629278,