{
    "name": "root",
    "gauges": {
        "BoatAgent.Policy.Entropy.mean": {
            "value": 0.7231791615486145,
            "min": 0.7231791615486145,
            "max": 5.332216739654541,
            "count": 10
        },
        "BoatAgent.Policy.Entropy.sum": {
            "value": 7231.79150390625,
            "min": 7231.79150390625,
            "max": 53194.1953125,
            "count": 10
        },
        "BoatAgent.Step.mean": {
            "value": 99999.0,
            "min": 9960.0,
            "max": 99999.0,
            "count": 10
        },
        "BoatAgent.Step.sum": {
            "value": 99999.0,
            "min": 9960.0,
            "max": 99999.0,
            "count": 10
        },
        "BoatAgent.Policy.ExtrinsicValueEstimate.mean": {
            "value": -0.0009862820152193308,
            "min": -30.05208969116211,
            "max": -0.0009748302400112152,
            "count": 10
        },
        "BoatAgent.Policy.ExtrinsicValueEstimate.sum": {
            "value": -9.862820625305176,
            "min": -74547.609375,
            "max": -9.748302459716797,
            "count": 10
        },
        "BoatAgent.Policy.CuriosityValueEstimate.mean": {
            "value": 1.5690997838974,
            "min": -1.4666515588760376,
            "max": 1.5690997838974,
            "count": 10
        },
        "BoatAgent.Policy.CuriosityValueEstimate.sum": {
            "value": 15690.998046875,
            "min": -230.26429748535156,
            "max": 15690.998046875,
            "count": 10
        },
        "BoatAgent.Environment.EpisodeLength.mean": {
            "value": 0.0,
            "min": 0.0,
            "max": 2615.0,
            "count": 10
        },
        "BoatAgent.Environment.EpisodeLength.sum": {
            "value": 0.0,
            "min": 0.0,
            "max": 7845.0,
            "count": 10
        },
        "BoatAgent.Environment.CumulativeReward.mean": {
            "value": -0.0010000000474974513,
            "min": -5003.600008097787,
            "max": -0.0010000000474974513,
            "count": 10
        },
        "BoatAgent.Environment.CumulativeReward.sum": {
            "value": -10.000000474974513,
            "min": -15010.800024293363,
            "max": -10.000000474974513,
            "count": 10
        },
        "BoatAgent.Policy.ExtrinsicReward.mean": {
            "value": -0.0010000000474974513,
            "min": -5003.600008097787,
            "max": -0.0010000000474974513,
            "count": 10
        },
        "BoatAgent.Policy.ExtrinsicReward.sum": {
            "value": -10.000000474974513,
            "min": -15010.800024293363,
            "max": -10.000000474974513,
            "count": 10
        },
        "BoatAgent.Policy.CuriosityReward.mean": {
            "value": 0.0006923144406813663,
            "min": 0.000299479594740842,
            "max": 89.7250603834788,
            "count": 10
        },
        "BoatAgent.Policy.CuriosityReward.sum": {
            "value": 6.9231444068136625,
            "min": 2.99479594740842,
            "max": 463.19888081774116,
            "count": 10
        },
        "BoatAgent.Losses.PolicyLoss.mean": {
            "value": 0.06753442861695981,
            "min": 0.06415569377713837,
            "max": 0.07580330641940236,
            "count": 10
        },
        "BoatAgent.Losses.PolicyLoss.sum": {
            "value": 0.20260328585087944,
            "min": 0.12831138755427673,
            "max": 0.22740991925820708,
            "count": 10
        },
        "BoatAgent.Losses.ValueLoss.mean": {
            "value": 1.855672362014703e-05,
            "min": 1.791421797226837e-05,
            "max": 781.390796025594,
            "count": 10
        },
        "BoatAgent.Losses.ValueLoss.sum": {
            "value": 5.56701708604411e-05,
            "min": 3.582843594453674e-05,
            "max": 1562.781592051188,
            "count": 10
        },
        "BoatAgent.Policy.LearningRate.mean": {
            "value": 0.0003,
            "min": 0.0003,
            "max": 0.0003,
            "count": 10
        },
        "BoatAgent.Policy.LearningRate.sum": {
            "value": 0.0009,
            "min": 0.0006,
            "max": 0.0009,
            "count": 10
        },
        "BoatAgent.Policy.Epsilon.mean": {
            "value": 0.19999999999999998,
            "min": 0.19999999999999998,
            "max": 0.19999999999999998,
            "count": 10
        },
        "BoatAgent.Policy.Epsilon.sum": {
            "value": 0.6,
            "min": 0.39999999999999997,
            "max": 0.6,
            "count": 10
        },
        "BoatAgent.Policy.Beta.mean": {
            "value": 0.0005000000000000001,
            "min": 0.0005000000000000001,
            "max": 0.0005000000000000001,
            "count": 10
        },
        "BoatAgent.Policy.Beta.sum": {
            "value": 0.0015000000000000005,
            "min": 0.0010000000000000002,
            "max": 0.0015000000000000005,
            "count": 10
        },
        "BoatAgent.Losses.CuriosityForwardLoss.mean": {
            "value": 0.037656840424460825,
            "min": 0.007224177142537277,
            "max": 625.3681229980041,
            "count": 10
        },
        "BoatAgent.Losses.CuriosityForwardLoss.sum": {
            "value": 0.11297052127338247,
            "min": 0.014448354285074554,
            "max": 1250.7362459960082,
            "count": 10
        },
        "BoatAgent.Losses.CuriosityInverseLoss.mean": {
            "value": 0.7959090538012484,
            "min": 0.763496852790316,
            "max": 5.968175262212753,
            "count": 10
        },
        "BoatAgent.Losses.CuriosityInverseLoss.sum": {
            "value": 2.3877271614037454,
            "min": 1.526993705580632,
            "max": 15.988432909051578,
            "count": 10
        },
        "BoatAgent.IsTraining.mean": {
            "value": 1.0,
            "min": 1.0,
            "max": 1.0,
            "count": 10
        },
        "BoatAgent.IsTraining.sum": {
            "value": 1.0,
            "min": 1.0,
            "max": 1.0,
            "count": 10
        }
    },
    "metadata": {
        "timer_format_version": "0.1.0",
        "start_time_seconds": "1697735748",
        "python_version": "3.6.13 |Anaconda, Inc.| (default, Jun  4 2021, 14:25:59) \n[GCC 7.5.0]",
        "command_line_arguments": "/home/joshua/miniconda3/envs/ai_boat/bin/mlagents-learn config/boatAgent.yaml --run-id=1stgo_nav_9",
        "mlagents_version": "0.26.0",
        "mlagents_envs_version": "0.26.0",
        "communication_protocol_version": "1.5.0",
        "pytorch_version": "1.8.1+cu102",
        "numpy_version": "1.19.5",
        "end_time_seconds": "1697736854"
    },
    "total": 1105.8444068909994,
    "count": 1,
    "self": 0.0045863919986004476,
    "children": {
        "run_training.setup": {
            "total": 0.00991225200050394,
            "count": 1,
            "self": 0.00991225200050394
        },
        "TrainerController.start_learning": {
            "total": 1105.8299082470003,
            "count": 1,
            "self": 1.6704676500194182,
            "children": {
                "TrainerController._reset_env": {
                    "total": 11.784983682002348,
                    "count": 1,
                    "self": 11.784983682002348
                },
                "TrainerController.advance": {
                    "total": 1092.1296123119755,
                    "count": 103667,
                    "self": 1.545056530230795,
                    "children": {
                        "env_step": {
                            "total": 768.1359846719497,
                            "count": 103667,
                            "self": 393.24598430405604,