{
    "name": "root",
    "metadata": {
        "timer_format_version": "0.1.0",
        "start_time_seconds": "1698304176",
        "python_version": "3.6.13 |Anaconda, Inc.| (default, Jun  4 2021, 14:25:59) \n[GCC 7.5.0]",
        "command_line_arguments": "/home/joshua/miniconda3/envs/ai_boat/bin/mlagents-learn config/boatAgent.yaml --run-id=headless_16",
        "mlagents_version": "0.26.0",
        "mlagents_envs_version": "0.26.0",
        "communication_protocol_version": "1.5.0",
        "pytorch_version": "1.8.1+cu102",
        "numpy_version": "1.19.5",
        "end_time_seconds": "1698304301"
    },
    "total": 125.01148522800031,
    "count": 1,
    "self": 0.00471992999973736,
    "children": {
        "run_training.setup": {
            "total": 0.010240264999993087,
            "count": 1,
            "self": 0.010240264999993087
        },
        "TrainerController.start_learning": {
            "total": 124.99652503300058,
            "count": 1,
            "self": 0.013016941990827036,
            "children": {
                "TrainerController._reset_env": {
                    "total": 16.368203267000354,
                    "count": 1,
                    "self": 16.368203267000354
                },
                "TrainerController.advance": {
                    "total": 108.41991334600971,
                    "count": 867,
                    "self": 0.011830423996798345,
                    "children": {
                        "env_step": {
                            "total": 108.26965447001203,
                            "count": 867,
                            "self": 105.71375286500097,
                            "children": {
                                "SubprocessEnvManager._take_step": {
                                    "total": 2.548926348998066,
                                    "count": 867,
                                    "self": 0.03393414000674966,
                                    "children": {
                                        "TorchPolicy.evaluate": {
                                            "total": 2.514992208991316,
                                            "count": 867,
                                            "self": 0.2993014359835797,
                                            "children": {
                                                "TorchPolicy.sample_actions": {
                                                    "total": 2.2156907730077364,
                                                    "count": 867,
                                                    "self": 2.2156907730077364
                                                }
                                            }
                                        }
                                    }
                                },
                                "workers": {
                                    "total": 0.006975256012992759,
                                    "count": 866,
                                    "self": 0.0,
                                    "children": {
                                        "worker_root": {
                                            "total": 64.51868895201369,
                                            "count": 866,
                                            "is_parallel": true,
                                            "self": 19.61464940899532,
                                            "children": {
                                                "run_training.setup": {
                                                    "total": 0.0,
                                                    "count": 0,
                                                    "is_parallel": true,
                                                    "self": 0.0,
                                                    "children": {
                                                        "steps_from_proto": {
                                                            "total": 0.0005887309998797718,
                                                            "count": 1,
                                                            "is_parallel": true,
                                                            "self": 0.0002664260000528884,
                                                            "children": {
                                                                "_process_rank_one_or_two_observation": {
                                                                    "total": 0.00032230499982688343,
                                                                    "count": 2,
                                                                    "is_parallel": true,
                                                                    "self": 0.00032230499982688343
                                                                }
                                                            }
                                                        },
                                                        "UnityEnvironment.step": {
                                                            "total": 0.027670509000017773,
                                                            "count": 1,
                                                            "is_parallel": true,
                                                            "self": 9.699000111140776e-05,
                                                            "children": {
                                                                "UnityEnvironment._generate_step_input": {
                                                                    "total": 0.0001913639998747385,
                                                                    "count": 1,
                                                                    "is_parallel": true,
                                                                    "self": 0.0001913639998747385
                                                                },
                                                                "communicator.exchange": {
                                                                    "total": 0.02701414199964347,
                                                                    "count": 1,
                                                                    "is_parallel": true,
                                                                    "self": 0.02701414199964347
                                                                },
                                                                "steps_from_proto": {
                                                                    "total": 0.00036801299938815646,
                                                                    "count": 1,
                                                                    "is_parallel": true,
                                                                    "self": 0.0002188259995818953,
                                                                    "children": {
                                                                        "_process_rank_one_or_two_observation": {
                                                                            "total": 0.00014918699980626116,
                                                                            "count": 2,
                                                                            "is_parallel": true,