{
    "name": "root",
    "metadata": {
        "timer_format_version": "0.1.0",
        "start_time_seconds": "1697724910",
        "python_version": "3.6.13 |Anaconda, Inc.| (default, Jun  4 2021, 14:25:59) \n[GCC 7.5.0]",
        "command_line_arguments": "/home/joshua/miniconda3/envs/ai_boat/bin/mlagents-learn config/boatAgent.yaml --run-id=2nd_go_35",
        "mlagents_version": "0.26.0",
        "mlagents_envs_version": "0.26.0",
        "communication_protocol_version": "1.5.0",
        "pytorch_version": "1.8.1+cu102",
        "numpy_version": "1.19.5",
        "end_time_seconds": "1697724978"
    },
    "total": 68.40570075099822,
    "count": 1,
    "self": 0.004292989997338736,
    "children": {
        "run_training.setup": {
            "total": 0.010716327000409365,
            "count": 1,
            "self": 0.010716327000409365
        },
        "TrainerController.start_learning": {
            "total": 68.39069143400047,
            "count": 1,
            "self": 0.13563144184081466,
            "children": {
                "TrainerController._reset_env": {
                    "total": 11.30460408900035,
                    "count": 1,
                    "self": 11.30460408900035
                },
                "TrainerController.advance": {
                    "total": 56.84340294215872,
                    "count": 9351,
                    "self": 0.12651119955989998,
                    "children": {
                        "env_step": {
                            "total": 52.301651120880706,
                            "count": 9351,
                            "self": 37.21977902163417,
                            "children": {
                                "SubprocessEnvManager._take_step": {
                                    "total": 15.00455862614399,
                                    "count": 9351,
                                    "self": 0.37809851399288164,
                                    "children": {
                                        "TorchPolicy.evaluate": {
                                            "total": 14.626460112151108,
                                            "count": 9351,
                                            "self": 3.5582291821301624,
                                            "children": {
                                                "TorchPolicy.sample_actions": {
                                                    "total": 11.068230930020945,
                                                    "count": 9351,
                                                    "self": 11.068230930020945
                                                }
                                            }
                                        }
                                    }
                                },
                                "workers": {
                                    "total": 0.07731347310254932,
                                    "count": 9350,
                                    "self": 0.0,
                                    "children": {
                                        "worker_root": {
                                            "total": 68.1107190070943,
                                            "count": 9350,
                                            "is_parallel": true,
                                            "self": 36.3337931291062,
                                            "children": {
                                                "run_training.setup": {
                                                    "total": 0.0,
                                                    "count": 0,
                                                    "is_parallel": true,
                                                    "self": 0.0,
                                                    "children": {
                                                        "steps_from_proto": {
                                                            "total": 0.000484827996842796,
                                                            "count": 1,
                                                            "is_parallel": true,
                                                            "self": 0.00024281799414893612,
                                                            "children": {
                                                                "_process_rank_one_or_two_observation": {
                                                                    "total": 0.00024201000269385986,
                                                                    "count": 2,
                                                                    "is_parallel": true,
                                                                    "self": 0.00024201000269385986
                                                                }
                                                            }
                                                        },
                                                        "UnityEnvironment.step": {
                                                            "total": 0.017832957000791794,
                                                            "count": 1,
                                                            "is_parallel": true,
                                                            "self": 7.164600174291991e-05,
                                                            "children": {
                                                                "UnityEnvironment._generate_step_input": {
                                                                    "total": 8.66230002429802e-05,
                                                                    "count": 1,
                                                                    "is_parallel": true,
                                                                    "self": 8.66230002429802e-05
                                                                },
                                                                "communicator.exchange": {
                                                                    "total": 0.017447717997129075,
                                                                    "count": 1,
                                                                    "is_parallel": true,
                                                                    "self": 0.017447717997129075
                                                                },
                                                                "steps_from_proto": {
                                                                    "total": 0.00022697000167681836,
                                                                    "count": 1,
                                                                    "is_parallel": true,
                                                                    "self": 0.00013297700570547022,
                                                                    "children": {
                                                                        "_process_rank_one_or_two_observation": {
                                                                            "total": 9.399299597134814e-05,
                                                                            "count": 2,
                                                                            "is_parallel": true,