{
    "name": "root",
    "metadata": {
        "timer_format_version": "0.1.0",
        "start_time_seconds": "1697717835",
        "python_version": "3.6.13 |Anaconda, Inc.| (default, Jun  4 2021, 14:25:59) \n[GCC 7.5.0]",
        "command_line_arguments": "/home/joshua/miniconda3/envs/ai_boat/bin/mlagents-learn config/boatAgent.yaml --run-id=2nd_go_19",
        "mlagents_version": "0.26.0",
        "mlagents_envs_version": "0.26.0",
        "communication_protocol_version": "1.5.0",
        "pytorch_version": "1.8.1+cu102",
        "numpy_version": "1.19.5",
        "end_time_seconds": "1697717857"
    },
    "total": 21.159089841999958,
    "count": 1,
    "self": 0.004456751001271186,
    "children": {
        "run_training.setup": {
            "total": 0.0103056829993875,
            "count": 1,
            "self": 0.0103056829993875
        },
        "TrainerController.start_learning": {
            "total": 21.1443274079993,
            "count": 1,
            "self": 0.022209440996448393,
            "children": {
                "TrainerController._reset_env": {
                    "total": 8.86206329199922,
                    "count": 1,
                    "self": 8.86206329199922
                },
                "TrainerController.advance": {
                    "total": 12.169411215003493,
                    "count": 1601,
                    "self": 0.02230041896473267,
                    "children": {
                        "env_step": {
                            "total": 11.981293476015708,
                            "count": 1601,
                            "self": 9.490189314001327,
                            "children": {
                                "SubprocessEnvManager._take_step": {
                                    "total": 2.4779653130062798,
                                    "count": 1601,
                                    "self": 0.06949167502170894,
                                    "children": {
                                        "TorchPolicy.evaluate": {
                                            "total": 2.408473637984571,
                                            "count": 1601,
                                            "self": 0.5524545320458856,
                                            "children": {
                                                "TorchPolicy.sample_actions": {
                                                    "total": 1.8560191059386852,
                                                    "count": 1601,
                                                    "self": 1.8560191059386852
                                                }
                                            }
                                        }
                                    }
                                },
                                "workers": {
                                    "total": 0.013138849008100806,
                                    "count": 1600,
                                    "self": 0.0,
                                    "children": {
                                        "worker_root": {
                                            "total": 20.990735141080222,
                                            "count": 1600,
                                            "is_parallel": true,
                                            "self": 12.487971483058573,
                                            "children": {
                                                "run_training.setup": {
                                                    "total": 0.0,
                                                    "count": 0,
                                                    "is_parallel": true,
                                                    "self": 0.0,
                                                    "children": {
                                                        "steps_from_proto": {
                                                            "total": 0.0005270809997455217,
                                                            "count": 1,
                                                            "is_parallel": true,
                                                            "self": 0.00027212600070924964,
                                                            "children": {
                                                                "_process_rank_one_or_two_observation": {
                                                                    "total": 0.00025495499903627206,
                                                                    "count": 2,
                                                                    "is_parallel": true,
                                                                    "self": 0.00025495499903627206
                                                                }
                                                            }
                                                        },
                                                        "UnityEnvironment.step": {
                                                            "total": 0.021017292001488386,
                                                            "count": 1,
                                                            "is_parallel": true,
                                                            "self": 7.101500159478746e-05,
                                                            "children": {
                                                                "UnityEnvironment._generate_step_input": {
                                                                    "total": 8.651999996800441e-05,
                                                                    "count": 1,
                                                                    "is_parallel": true,
                                                                    "self": 8.651999996800441e-05
                                                                },
                                                                "communicator.exchange": {
                                                                    "total": 0.020626698000342003,
                                                                    "count": 1,
                                                                    "is_parallel": true,
                                                                    "self": 0.020626698000342003
                                                                },
                                                                "steps_from_proto": {
                                                                    "total": 0.00023305899958359078,
                                                                    "count": 1,
                                                                    "is_parallel": true,
                                                                    "self": 0.00014082699999562465,
                                                                    "children": {
                                                                        "_process_rank_one_or_two_observation": {
                                                                            "total": 9.223199958796613e-05,
                                                                            "count": 2,
                                                                            "is_parallel": true,