{
    "name": "root",
    "gauges": {
        "BoatAgent.Policy.Entropy.mean": {
            "value": 3.782752513885498,
            "min": 3.782752513885498,
            "max": 4.1305742263793945,
            "count": 9
        },
        "BoatAgent.Policy.Entropy.sum": {
            "value": 36632.17578125,
            "min": 36632.17578125,
            "max": 42834.0546875,
            "count": 9
        },
        "BoatAgent.Step.mean": {
            "value": 89990.0,
            "min": 9972.0,
            "max": 89990.0,
            "count": 9
        },
        "BoatAgent.Step.sum": {
            "value": 89990.0,
            "min": 9972.0,
            "max": 89990.0,
            "count": 9
        },
        "BoatAgent.Policy.ExtrinsicValueEstimate.mean": {
            "value": -43.189613342285156,
            "min": -47.884857177734375,
            "max": -3.6995387077331543,
            "count": 9
        },
        "BoatAgent.Policy.ExtrinsicValueEstimate.sum": {
            "value": -7687.7509765625,
            "min": -8140.42578125,
            "max": -658.5178833007812,
            "count": 9
        },
        "BoatAgent.Policy.CuriosityValueEstimate.mean": {
            "value": 1.3077894449234009,
            "min": -0.12560983002185822,
            "max": 4.755673885345459,
            "count": 9
        },
        "BoatAgent.Policy.CuriosityValueEstimate.sum": {
            "value": 232.78652954101562,
            "min": -22.358551025390625,
            "max": 808.464599609375,
            "count": 9
        },
        "BoatAgent.Environment.EpisodeLength.mean": {
            "value": 279.9230769230769,
            "min": 159.57142857142858,
            "max": 521.7272727272727,
            "count": 9
        },
        "BoatAgent.Environment.EpisodeLength.sum": {
            "value": 10917.0,
            "min": 5585.0,
            "max": 11478.0,
            "count": 9
        },
        "BoatAgent.Environment.CumulativeReward.mean": {
            "value": -136.51333819196012,
            "min": -156.0963945918613,
            "max": -104.01742834704262,
            "count": 9
        },
        "BoatAgent.Environment.CumulativeReward.sum": {
            "value": -5324.020189486444,
            "min": -5619.470205307007,
            "max": -2681.4900205135345,
            "count": 9
        },
        "BoatAgent.Policy.ExtrinsicReward.mean": {
            "value": -136.51333819196012,
            "min": -156.0963945918613,
            "max": -104.01742834704262,
            "count": 9
        },
        "BoatAgent.Policy.ExtrinsicReward.sum": {
            "value": -5324.020189486444,
            "min": -5619.470205307007,
            "max": -2681.4900205135345,
            "count": 9
        },
        "BoatAgent.Policy.CuriosityReward.mean": {
            "value": 1.7125912220575488,
            "min": 1.4473423339012597,
            "max": 34.83734286508777,
            "count": 9
        },
        "BoatAgent.Policy.CuriosityReward.sum": {
            "value": 66.7910576602444,
            "min": 51.93777897581458,
            "max": 766.4215430319309,
            "count": 9
        },
        "BoatAgent.Losses.PolicyLoss.mean": {
            "value": 0.06779060950980743,
            "min": 0.06283247942730097,
            "max": 0.07406815406541986,
            "count": 9
        },
        "BoatAgent.Losses.PolicyLoss.sum": {
            "value": 0.20337182852942232,
            "min": 0.12566495885460194,
            "max": 0.21209933956423177,
            "count": 9
        },
        "BoatAgent.Losses.ValueLoss.mean": {
            "value": 44.52351702915298,
            "min": 14.863939834137756,
            "max": 173.44845537705856,
            "count": 9
        },
        "BoatAgent.Losses.ValueLoss.sum": {
            "value": 133.57055108745894,
            "min": 29.727879668275513,
            "max": 346.89691075411713,
            "count": 9
        },
        "BoatAgent.Policy.LearningRate.mean": {
            "value": 0.0003,
            "min": 0.0003,
            "max": 0.00030000000000000003,
            "count": 9
        },
        "BoatAgent.Policy.LearningRate.sum": {
            "value": 0.0009,
            "min": 0.0006,
            "max": 0.0009,
            "count": 9
        },
        "BoatAgent.Policy.Epsilon.mean": {
            "value": 0.19999999999999998,
            "min": 0.19999999999999996,
            "max": 0.19999999999999998,
            "count": 9
        },
        "BoatAgent.Policy.Epsilon.sum": {
            "value": 0.6,
            "min": 0.3999999999999999,
            "max": 0.6,
            "count": 9
        },
        "BoatAgent.Policy.Beta.mean": {
            "value": 0.0005000000000000001,
            "min": 0.0005000000000000001,
            "max": 0.0005000000000000002,
            "count": 9
        },
        "BoatAgent.Policy.Beta.sum": {
            "value": 0.0015000000000000005,
            "min": 0.0010000000000000002,
            "max": 0.0015000000000000005,
            "count": 9
        },
        "BoatAgent.Losses.CuriosityForwardLoss.mean": {
            "value": 0.13186720600869092,
            "min": 0.11340680299326777,
            "max": 53.647811633882796,
            "count": 9
        },
        "BoatAgent.Losses.CuriosityForwardLoss.sum": {
            "value": 0.3956016180260728,
            "min": 0.22681360598653555,
            "max": 107.29562326776559,
            "count": 9
        },
        "BoatAgent.Losses.CuriosityInverseLoss.mean": {
            "value": 3.0366722378465867,
            "min": 3.0366722378465867,
            "max": 4.2387769242579285,
            "count": 9
        },
        "BoatAgent.Losses.CuriosityInverseLoss.sum": {
            "value": 9.11001671353976,
            "min": 6.210631258785725,
            "max": 12.135678435365357,
            "count": 9
        },
        "BoatAgent.IsTraining.mean": {
            "value": 1.0,
            "min": 1.0,
            "max": 1.0,
            "count": 9
        },
        "BoatAgent.IsTraining.sum": {
            "value": 1.0,
            "min": 1.0,
            "max": 1.0,
            "count": 9
        }
    },
    "metadata": {
        "timer_format_version": "0.1.0",
        "start_time_seconds": "1698312701",
        "python_version": "3.6.13 |Anaconda, Inc.| (default, Jun  4 2021, 14:25:59) \n[GCC 7.5.0]",
        "command_line_arguments": "/home/joshua/miniconda3/envs/ai_boat/bin/mlagents-learn config/boatAgent.yaml --run-id=headless_24",
        "mlagents_version": "0.26.0",
        "mlagents_envs_version": "0.26.0",
        "communication_protocol_version": "1.5.0",
        "pytorch_version": "1.8.1+cu102",
        "numpy_version": "1.19.5",
        "end_time_seconds": "1698312867"
    },
    "total": 166.10046114300167,
    "count": 1,
    "self": 0.004447547000381746,
    "children": {
        "run_training.setup": {
            "total": 0.009911860001011519,
            "count": 1,
            "self": 0.009911860001011519
        },
        "TrainerController.start_learning": {
            "total": 166.08610173600027,
            "count": 1,
            "self": 0.20455144907646172,
            "children": {
                "TrainerController._reset_env": {
                    "total": 9.620497240000986,
                    "count": 1,
                    "self": 9.620497240000986
                },
                "TrainerController.advance": {
                    "total": 156.07114690092203,
                    "count": 12617,
                    "self": 0.1994129010836332,
                    "children": {
                        "env_step": {
                            "total": 100.29029063488815,
                            "count": 12617,
                            "self": 59.67272840998339,