{
    "name": "root",
    "metadata": {
        "timer_format_version": "0.1.0",
        "start_time_seconds": "1697715077",
        "python_version": "3.6.13 |Anaconda, Inc.| (default, Jun  4 2021, 14:25:59) \n[GCC 7.5.0]",
        "command_line_arguments": "/home/joshua/miniconda3/envs/ai_boat/bin/mlagents-learn config/boatAgent.yaml --run-id=2nd_go_12",
        "mlagents_version": "0.26.0",
        "mlagents_envs_version": "0.26.0",
        "communication_protocol_version": "1.5.0",
        "pytorch_version": "1.8.1+cu102",
        "numpy_version": "1.19.5",
        "end_time_seconds": "1697715598"
    },
    "total": 521.4325029810007,
    "count": 1,
    "self": 0.005389154001022689,
    "children": {
        "run_training.setup": {
            "total": 0.01077579900083947,
            "count": 1,
            "self": 0.01077579900083947
        },
        "TrainerController.start_learning": {
            "total": 521.4163380279988,
            "count": 1,
            "self": 1.2212829188611067,
            "children": {
                "TrainerController._reset_env": {
                    "total": 10.015754617001221,
                    "count": 1,
                    "self": 10.015754617001221
                },
                "TrainerController.advance": {
                    "total": 510.0708320421345,
                    "count": 82503,
                    "self": 1.2275860200297757,
                    "children": {
                        "env_step": {
                            "total": 464.53618454997013,
                            "count": 82503,
                            "self": 316.73650563324736,
                            "children": {
                                "SubprocessEnvManager._take_step": {
                                    "total": 147.04942709706847,
                                    "count": 82503,
                                    "self": 3.5473860408837936,
                                    "children": {
                                        "TorchPolicy.evaluate": {
                                            "total": 143.50204105618468,
                                            "count": 82501,
                                            "self": 46.276384912334834,
                                            "children": {
                                                "TorchPolicy.sample_actions": {
                                                    "total": 97.22565614384985,
                                                    "count": 82501,
                                                    "self": 97.22565614384985
                                                }
                                            }
                                        }
                                    }
                                },
                                "workers": {
                                    "total": 0.7502518196542951,
                                    "count": 82502,
                                    "self": 0.0,
                                    "children": {
                                        "worker_root": {
                                            "total": 513.366541104815,
                                            "count": 82502,
                                            "is_parallel": true,
                                            "self": 253.45814647705265,
                                            "children": {
                                                "run_training.setup": {
                                                    "total": 0.0,
                                                    "count": 0,
                                                    "is_parallel": true,
                                                    "self": 0.0,
                                                    "children": {
                                                        "steps_from_proto": {
                                                            "total": 0.0006426729996746872,
                                                            "count": 1,
                                                            "is_parallel": true,
                                                            "self": 0.0002864639973267913,
                                                            "children": {
                                                                "_process_rank_one_or_two_observation": {
                                                                    "total": 0.0003562090023478959,
                                                                    "count": 2,
                                                                    "is_parallel": true,
                                                                    "self": 0.0003562090023478959
                                                                }
                                                            }
                                                        },
                                                        "UnityEnvironment.step": {
                                                            "total": 0.017406771999958437,
                                                            "count": 1,
                                                            "is_parallel": true,
                                                            "self": 6.711999958497472e-05,
                                                            "children": {
                                                                "UnityEnvironment._generate_step_input": {
                                                                    "total": 8.775400056038052e-05,
                                                                    "count": 1,
                                                                    "is_parallel": true,
                                                                    "self": 8.775400056038052e-05
                                                                },
                                                                "communicator.exchange": {
                                                                    "total": 0.017023492999214795,
                                                                    "count": 1,
                                                                    "is_parallel": true,
                                                                    "self": 0.017023492999214795
                                                                },
                                                                "steps_from_proto": {
                                                                    "total": 0.00022840500059828628,
                                                                    "count": 1,
                                                                    "is_parallel": true,
                                                                    "self": 0.0001336210007139016,
                                                                    "children": {
                                                                        "_process_rank_one_or_two_observation": {
                                                                            "total": 9.478399988438468e-05,
                                                                            "count": 2,
                                                                            "is_parallel": true,