{
    "name": "root",
    "metadata": {
        "timer_format_version": "0.1.0",
        "start_time_seconds": "1697719993",
        "python_version": "3.6.13 |Anaconda, Inc.| (default, Jun  4 2021, 14:25:59) \n[GCC 7.5.0]",
        "command_line_arguments": "/home/joshua/miniconda3/envs/ai_boat/bin/mlagents-learn config/boatAgent.yaml --run-id=2nd_go_27",
        "mlagents_version": "0.26.0",
        "mlagents_envs_version": "0.26.0",
        "communication_protocol_version": "1.5.0",
        "pytorch_version": "1.8.1+cu102",
        "numpy_version": "1.19.5",
        "end_time_seconds": "1697720426"
    },
    "total": 432.69021057200007,
    "count": 1,
    "self": 0.004031365000628284,
    "children": {
        "run_training.setup": {
            "total": 0.010315920999346417,
            "count": 1,
            "self": 0.010315920999346417
        },
        "TrainerController.start_learning": {
            "total": 432.6758632860001,
            "count": 1,
            "self": 0.8903225542198925,
            "children": {
                "TrainerController._reset_env": {
                    "total": 17.20283977500003,
                    "count": 1,
                    "self": 17.20283977500003
                },
                "TrainerController.advance": {
                    "total": 414.4822605517802,
                    "count": 57551,
                    "self": 0.888849391720214,
                    "children": {
                        "env_step": {
                            "total": 383.6814911359397,
                            "count": 57551,
                            "self": 279.9881350637843,
                            "children": {
                                "SubprocessEnvManager._take_step": {
                                    "total": 103.16380698121247,
                                    "count": 57551,
                                    "self": 2.58561054006168,
                                    "children": {
                                        "TorchPolicy.evaluate": {
                                            "total": 100.5781964411508,
                                            "count": 57551,
                                            "self": 26.48503644784978,
                                            "children": {
                                                "TorchPolicy.sample_actions": {
                                                    "total": 74.09315999330101,
                                                    "count": 57551,
                                                    "self": 74.09315999330101
                                                }
                                            }
                                        }
                                    }
                                },
                                "workers": {
                                    "total": 0.5295490909429645,
                                    "count": 57550,
                                    "self": 0.0,
                                    "children": {
                                        "worker_root": {
                                            "total": 371.1651399561342,
                                            "count": 57550,
                                            "is_parallel": true,
                                            "self": 187.5455159961566,
                                            "children": {
                                                "run_training.setup": {
                                                    "total": 0.0,
                                                    "count": 0,
                                                    "is_parallel": true,
                                                    "self": 0.0,
                                                    "children": {
                                                        "steps_from_proto": {
                                                            "total": 0.0004896179998468142,
                                                            "count": 1,
                                                            "is_parallel": true,
                                                            "self": 0.00023689399858994875,
                                                            "children": {
                                                                "_process_rank_one_or_two_observation": {
                                                                    "total": 0.00025272400125686545,
                                                                    "count": 2,
                                                                    "is_parallel": true,
                                                                    "self": 0.00025272400125686545
                                                                }
                                                            }
                                                        },
                                                        "UnityEnvironment.step": {
                                                            "total": 0.026185945998804527,
                                                            "count": 1,
                                                            "is_parallel": true,
                                                            "self": 9.136299740930554e-05,
                                                            "children": {
                                                                "UnityEnvironment._generate_step_input": {
                                                                    "total": 0.00011405800069042016,
                                                                    "count": 1,
                                                                    "is_parallel": true,
                                                                    "self": 0.00011405800069042016
                                                                },
                                                                "communicator.exchange": {
                                                                    "total": 0.025657108000814333,
                                                                    "count": 1,
                                                                    "is_parallel": true,
                                                                    "self": 0.025657108000814333
                                                                },
                                                                "steps_from_proto": {
                                                                    "total": 0.000323416999890469,
                                                                    "count": 1,
                                                                    "is_parallel": true,
                                                                    "self": 0.00020166700051049702,
                                                                    "children": {
                                                                        "_process_rank_one_or_two_observation": {
                                                                            "total": 0.000121749999379972,
                                                                            "count": 2,
                                                                            "is_parallel": true,