{
    "name": "root",
    "gauges": {
        "BoatAgent.Policy.Entropy.mean": {
            "value": 4.7077765464782715,
            "min": 4.6066179275512695,
            "max": 5.249965667724609,
            "count": 7
        },
        "BoatAgent.Policy.Entropy.sum": {
            "value": 47077.765625,
            "min": 46066.1796875,
            "max": 52207.36328125,
            "count": 7
        },
        "BoatAgent.Step.mean": {
            "value": 69999.0,
            "min": 9996.0,
            "max": 69999.0,
            "count": 7
        },
        "BoatAgent.Step.sum": {
            "value": 69999.0,
            "min": 9996.0,
            "max": 69999.0,
            "count": 7
        },
        "BoatAgent.Policy.ExtrinsicValueEstimate.mean": {
            "value": -921.3529052734375,
            "min": -921.3529052734375,
            "max": -124.96340942382812,
            "count": 7
        },
        "BoatAgent.Policy.ExtrinsicValueEstimate.sum": {
            "value": -9213529.0,
            "min": -9213529.0,
            "max": -21118.81640625,
            "count": 7
        },
        "BoatAgent.Policy.CuriosityValueEstimate.mean": {
            "value": -0.7742562294006348,
            "min": -0.9622339010238647,
            "max": 0.7731326222419739,
            "count": 7
        },
        "BoatAgent.Policy.CuriosityValueEstimate.sum": {
            "value": -7742.56201171875,
            "min": -9622.3388671875,
            "max": 7731.326171875,
            "count": 7
        },
        "BoatAgent.Environment.EpisodeLength.mean": {
            "value": 0.0,
            "min": 0.0,
            "max": 579.4705882352941,
            "count": 7
        },
        "BoatAgent.Environment.EpisodeLength.sum": {
            "value": 0.0,
            "min": 0.0,
            "max": 9851.0,
            "count": 7
        },
        "BoatAgent.Environment.CumulativeReward.mean": {
            "value": -999.7809646094197,
            "min": -5018.722462456016,
            "max": -62.13952576219475,
            "count": 7
        },
        "BoatAgent.Environment.CumulativeReward.sum": {
            "value": -9997809.646094197,
            "min": -9997809.646094197,
            "max": -85318.28186175227,
            "count": 7
        },
        "BoatAgent.Policy.ExtrinsicReward.mean": {
            "value": -999.7809646094197,
            "min": -5018.722462456016,
            "max": -62.13952576219475,
            "count": 7
        },
        "BoatAgent.Policy.ExtrinsicReward.sum": {
            "value": -9997809.646094197,
            "min": -9997809.646094197,
            "max": -85318.28186175227,
            "count": 7
        },
        "BoatAgent.Policy.CuriosityReward.mean": {
            "value": 0.0017695874284370803,
            "min": 0.0014967892884276807,
            "max": 62.806969965205475,
            "count": 7
        },
        "BoatAgent.Policy.CuriosityReward.sum": {
            "value": 17.695874284370802,
            "min": 14.967892884276807,
            "max": 1067.718489408493,
            "count": 7
        },
        "BoatAgent.Losses.PolicyLoss.mean": {
            "value": 0.0703027810183509,
            "min": 0.06198541599345238,
            "max": 0.0727915880043939,
            "count": 7
        },
        "BoatAgent.Losses.PolicyLoss.sum": {
            "value": 0.21090834305505268,
            "min": 0.12397083198690476,
            "max": 0.21837476401318173,
            "count": 7
        },
        "BoatAgent.Losses.ValueLoss.mean": {
            "value": 7444566.627170138,
            "min": 15099.130141576132,
            "max": 7444566.627170138,
            "count": 7
        },
        "BoatAgent.Losses.ValueLoss.sum": {
            "value": 22333699.881510414,
            "min": 30198.260283152264,
            "max": 22333699.881510414,
            "count": 7
        },
        "BoatAgent.Policy.LearningRate.mean": {
            "value": 0.0003,
            "min": 0.0003,
            "max": 0.0003,
            "count": 7
        },
        "BoatAgent.Policy.LearningRate.sum": {
            "value": 0.0009,
            "min": 0.0006,
            "max": 0.0009,
            "count": 7
        },
        "BoatAgent.Policy.Epsilon.mean": {
            "value": 0.19999999999999998,
            "min": 0.19999999999999998,
            "max": 0.19999999999999998,
            "count": 7
        },
        "BoatAgent.Policy.Epsilon.sum": {
            "value": 0.6,
            "min": 0.39999999999999997,
            "max": 0.6,
            "count": 7
        },
        "BoatAgent.Policy.Beta.mean": {
            "value": 0.0005000000000000001,
            "min": 0.0005000000000000001,
            "max": 0.0005000000000000001,
            "count": 7
        },
        "BoatAgent.Policy.Beta.sum": {
            "value": 0.0015000000000000005,
            "min": 0.0010000000000000002,
            "max": 0.0015000000000000005,
            "count": 7
        },
        "BoatAgent.Losses.CuriosityForwardLoss.mean": {
            "value": 0.03936350971020551,
            "min": 0.03936350971020551,
            "max": 509.7896678429097,
            "count": 7
        },
        "BoatAgent.Losses.CuriosityForwardLoss.sum": {
            "value": 0.11809052913061653,
            "min": 0.08514453319367021,
            "max": 1019.5793356858194,
            "count": 7
        },
        "BoatAgent.Losses.CuriosityInverseLoss.mean": {
            "value": 4.728643990225262,
            "min": 4.637478485703468,
            "max": 5.450054451823235,
            "count": 7
        },
        "BoatAgent.Losses.CuriosityInverseLoss.sum": {
            "value": 14.185931970675785,
            "min": 9.274956971406937,
            "max": 15.965547511974972,
            "count": 7
        },
        "BoatAgent.IsTraining.mean": {
            "value": 1.0,
            "min": 1.0,
            "max": 1.0,
            "count": 7
        },
        "BoatAgent.IsTraining.sum": {
            "value": 1.0,
            "min": 1.0,
            "max": 1.0,
            "count": 7
        }
    },
    "metadata": {
        "timer_format_version": "0.1.0",
        "start_time_seconds": "1697738278",
        "python_version": "3.6.13 |Anaconda, Inc.| (default, Jun  4 2021, 14:25:59) \n[GCC 7.5.0]",
        "command_line_arguments": "/home/joshua/miniconda3/envs/ai_boat/bin/mlagents-learn config/boatAgent.yaml --run-id=1stgo_nav_11",
        "mlagents_version": "0.26.0",
        "mlagents_envs_version": "0.26.0",
        "communication_protocol_version": "1.5.0",
        "pytorch_version": "1.8.1+cu102",
        "numpy_version": "1.19.5",
        "end_time_seconds": "1697739387"
    },
    "total": 1109.5526971869986,
    "count": 1,
    "self": 0.004888853996817488,
    "children": {
        "run_training.setup": {
            "total": 0.010372999997343868,
            "count": 1,
            "self": 0.010372999997343868
        },
        "TrainerController.start_learning": {
            "total": 1109.5374353330044,
            "count": 1,
            "self": 1.4086763306186185,
            "children": {
                "TrainerController._reset_env": {
                    "total": 10.806413341000734,
                    "count": 1,
                    "self": 10.806413341000734
                },
                "TrainerController.advance": {
                    "total": 1097.0650618573854,
                    "count": 72636,
                    "self": 1.3073165443129255,
                    "children": {
                        "env_step": {
                            "total": 861.9683314670256,
                            "count": 72636,
                            "self": 578.0680329735842,
                            "children": {
                                "SubprocessEnvManager._take_step": {
                                    "total": 283.1517593609751,
                                    "count": 72636,