{
    "name": "root",
    "metadata": {
        "timer_format_version": "0.1.0",
        "start_time_seconds": "1698311755",
        "python_version": "3.6.13 |Anaconda, Inc.| (default, Jun  4 2021, 14:25:59) \n[GCC 7.5.0]",
        "command_line_arguments": "/home/joshua/miniconda3/envs/ai_boat/bin/mlagents-learn config/boatAgent.yaml --run-id=headless_21",
        "mlagents_version": "0.26.0",
        "mlagents_envs_version": "0.26.0",
        "communication_protocol_version": "1.5.0",
        "pytorch_version": "1.8.1+cu102",
        "numpy_version": "1.19.5",
        "end_time_seconds": "1698311858"
    },
    "total": 103.56996315700053,
    "count": 1,
    "self": 0.004741129001558875,
    "children": {
        "run_training.setup": {
            "total": 0.00993180399927951,
            "count": 1,
            "self": 0.00993180399927951
        },
        "TrainerController.start_learning": {
            "total": 103.55529022399969,
            "count": 1,
            "self": 0.010558683967246907,
            "children": {
                "TrainerController._reset_env": {
                    "total": 15.551451897999868,
                    "count": 1,
                    "self": 15.551451897999868
                },
                "TrainerController.advance": {
                    "total": 87.78290059903156,
                    "count": 667,
                    "self": 0.010247970027194242,
                    "children": {
                        "env_step": {
                            "total": 84.79019693998816,
                            "count": 667,
                            "self": 82.7045335079838,
                            "children": {
                                "SubprocessEnvManager._take_step": {
                                    "total": 2.079683595995448,
                                    "count": 667,
                                    "self": 0.03118822200849536,
                                    "children": {
                                        "TorchPolicy.evaluate": {
                                            "total": 2.0484953739869525,
                                            "count": 667,
                                            "self": 0.24568160594935762,
                                            "children": {
                                                "TorchPolicy.sample_actions": {
                                                    "total": 1.8028137680375949,
                                                    "count": 667,
                                                    "self": 1.8028137680375949
                                                }
                                            }
                                        }
                                    }
                                },
                                "workers": {
                                    "total": 0.005979836008918937,
                                    "count": 666,
                                    "self": 0.0,
                                    "children": {
                                        "worker_root": {
                                            "total": 43.06304218898731,
                                            "count": 666,
                                            "is_parallel": true,
                                            "self": 21.290258349978103,
                                            "children": {
                                                "run_training.setup": {
                                                    "total": 0.0,
                                                    "count": 0,
                                                    "is_parallel": true,
                                                    "self": 0.0,
                                                    "children": {
                                                        "steps_from_proto": {
                                                            "total": 0.0013357360003283247,
                                                            "count": 1,
                                                            "is_parallel": true,
                                                            "self": 0.0004507100002228981,
                                                            "children": {
                                                                "_process_rank_one_or_two_observation": {
                                                                    "total": 0.0008850260001054266,
                                                                    "count": 2,
                                                                    "is_parallel": true,
                                                                    "self": 0.0008850260001054266
                                                                }
                                                            }
                                                        },
                                                        "UnityEnvironment.step": {
                                                            "total": 0.027508992001457955,
                                                            "count": 1,
                                                            "is_parallel": true,
                                                            "self": 0.0001300270014326088,
                                                            "children": {
                                                                "UnityEnvironment._generate_step_input": {
                                                                    "total": 0.00017447900063416455,
                                                                    "count": 1,
                                                                    "is_parallel": true,
                                                                    "self": 0.00017447900063416455
                                                                },
                                                                "communicator.exchange": {
                                                                    "total": 0.026728345999799785,
                                                                    "count": 1,
                                                                    "is_parallel": true,
                                                                    "self": 0.026728345999799785
                                                                },
                                                                "steps_from_proto": {
                                                                    "total": 0.0004761399995913962,
                                                                    "count": 1,
                                                                    "is_parallel": true,
                                                                    "self": 0.00015875699864409398,
                                                                    "children": {
                                                                        "_process_rank_one_or_two_observation": {
                                                                            "total": 0.0003173830009473022,
                                                                            "count": 2,
                                                                            "is_parallel": true,