{
    "name": "root",
    "metadata": {
        "timer_format_version": "0.1.0",
        "start_time_seconds": "1697710464",
        "python_version": "3.6.13 |Anaconda, Inc.| (default, Jun  4 2021, 14:25:59) \n[GCC 7.5.0]",
        "command_line_arguments": "/home/joshua/miniconda3/envs/ai_boat/bin/mlagents-learn config/boatAgent.yaml --run-id=2nd_go_1",
        "mlagents_version": "0.26.0",
        "mlagents_envs_version": "0.26.0",
        "communication_protocol_version": "1.5.0",
        "pytorch_version": "1.8.1+cu102",
        "numpy_version": "1.19.5",
        "end_time_seconds": "1697710924"
    },
    "total": 460.88512236300085,
    "count": 1,
    "self": 0.00423857100213354,
    "children": {
        "run_training.setup": {
            "total": 0.013910645999203552,
            "count": 1,
            "self": 0.013910645999203552
        },
        "TrainerController.start_learning": {
            "total": 460.8669731459995,
            "count": 1,
            "self": 1.1035891400970286,
            "children": {
                "TrainerController._reset_env": {
                    "total": 11.032705902999624,
                    "count": 1,
                    "self": 11.032705902999624
                },
                "TrainerController.advance": {
                    "total": 448.63794323390266,
                    "count": 73484,
                    "self": 1.0288680257262968,
                    "children": {
                        "env_step": {
                            "total": 409.3641317430238,
                            "count": 73484,
                            "self": 287.85917041291486,
                            "children": {
                                "SubprocessEnvManager._take_step": {
                                    "total": 120.84440713702497,
                                    "count": 73484,
                                    "self": 3.074351887096782,
                                    "children": {
                                        "TorchPolicy.evaluate": {
                                            "total": 117.77005524992819,
                                            "count": 73484,
                                            "self": 34.54192119303116,
                                            "children": {
                                                "TorchPolicy.sample_actions": {
                                                    "total": 83.22813405689703,
                                                    "count": 73484,
                                                    "self": 83.22813405689703
                                                }
                                            }
                                        }
                                    }
                                },
                                "workers": {
                                    "total": 0.6605541930839536,
                                    "count": 73483,
                                    "self": 0.0,
                                    "children": {
                                        "worker_root": {
                                            "total": 459.3651503460551,
                                            "count": 73483,
                                            "is_parallel": true,
                                            "self": 215.1251056398687,
                                            "children": {
                                                "run_training.setup": {
                                                    "total": 0.0,
                                                    "count": 0,
                                                    "is_parallel": true,
                                                    "self": 0.0,
                                                    "children": {
                                                        "steps_from_proto": {
                                                            "total": 0.0010023129998444347,
                                                            "count": 1,
                                                            "is_parallel": true,
                                                            "self": 0.0007453219996023108,
                                                            "children": {
                                                                "_process_rank_one_or_two_observation": {
                                                                    "total": 0.00025699100024212385,
                                                                    "count": 2,
                                                                    "is_parallel": true,
                                                                    "self": 0.00025699100024212385
                                                                }
                                                            }
                                                        },
                                                        "UnityEnvironment.step": {
                                                            "total": 0.016601462999460637,
                                                            "count": 1,
                                                            "is_parallel": true,
                                                            "self": 0.00010869200013985392,
                                                            "children": {
                                                                "UnityEnvironment._generate_step_input": {
                                                                    "total": 0.00012203899950691266,
                                                                    "count": 1,
                                                                    "is_parallel": true,
                                                                    "self": 0.00012203899950691266
                                                                },
                                                                "communicator.exchange": {
                                                                    "total": 0.016109905999655894,
                                                                    "count": 1,
                                                                    "is_parallel": true,
                                                                    "self": 0.016109905999655894
                                                                },
                                                                "steps_from_proto": {
                                                                    "total": 0.0002608260001579765,
                                                                    "count": 1,
                                                                    "is_parallel": true,
                                                                    "self": 0.0001654739990044618,
                                                                    "children": {
                                                                        "_process_rank_one_or_two_observation": {
                                                                            "total": 9.535200115351472e-05,
                                                                            "count": 2,
                                                                            "is_parallel": true,