{
    "name": "root",
    "gauges": {
        "BoatAgent.Policy.Entropy.mean": {
            "value": 3.783156156539917,
            "min": 3.783156156539917,
            "max": 3.783156156539917,
            "count": 1
        },
        "BoatAgent.Policy.Entropy.sum": {
            "value": 39685.30859375,
            "min": 39685.30859375,
            "max": 39685.30859375,
            "count": 1
        },
        "BoatAgent.Step.mean": {
            "value": 9953.0,
            "min": 9953.0,
            "max": 9953.0,
            "count": 1
        },
        "BoatAgent.Step.sum": {
            "value": 9953.0,
            "min": 9953.0,
            "max": 9953.0,
            "count": 1
        },
        "BoatAgent.Policy.ExtrinsicValueEstimate.mean": {
            "value": -50.1042594909668,
            "min": -50.1042594909668,
            "max": -50.1042594909668,
            "count": 1
        },
        "BoatAgent.Policy.ExtrinsicValueEstimate.sum": {
            "value": -8066.78564453125,
            "min": -8066.78564453125,
            "max": -8066.78564453125,
            "count": 1
        },
        "BoatAgent.Policy.CuriosityValueEstimate.mean": {
            "value": -7.689767837524414,
            "min": -7.689767837524414,
            "max": -7.689767837524414,
            "count": 1
        },
        "BoatAgent.Policy.CuriosityValueEstimate.sum": {
            "value": -1238.0526123046875,
            "min": -1238.0526123046875,
            "max": -1238.0526123046875,
            "count": 1
        },
        "BoatAgent.Environment.EpisodeLength.mean": {
            "value": 277.5,
            "min": 277.5,
            "max": 277.5,
            "count": 1
        },
        "BoatAgent.Environment.EpisodeLength.sum": {
            "value": 2775.0,
            "min": 2775.0,
            "max": 2775.0,
            "count": 1
        },
        "BoatAgent.Environment.CumulativeReward.mean": {
            "value": -1474.1793719172479,
            "min": -1474.1793719172479,
            "max": -1474.1793719172479,
            "count": 1
        },
        "BoatAgent.Environment.CumulativeReward.sum": {
            "value": -14741.793719172478,
            "min": -14741.793719172478,
            "max": -14741.793719172478,
            "count": 1
        },
        "BoatAgent.Policy.ExtrinsicReward.mean": {
            "value": -1474.1793719172479,
            "min": -1474.1793719172479,
            "max": -1474.1793719172479,
            "count": 1
        },
        "BoatAgent.Policy.ExtrinsicReward.sum": {
            "value": -14741.793719172478,
            "min": -14741.793719172478,
            "max": -14741.793719172478,
            "count": 1
        },
        "BoatAgent.Policy.CuriosityReward.mean": {
            "value": 63.81549186706543,
            "min": 63.81549186706543,
            "max": 63.81549186706543,
            "count": 1
        },
        "BoatAgent.Policy.CuriosityReward.sum": {
            "value": 638.1549186706543,
            "min": 638.1549186706543,
            "max": 638.1549186706543,
            "count": 1
        },
        "BoatAgent.Losses.PolicyLoss.mean": {
            "value": 0.0690626064241252,
            "min": 0.0690626064241252,
            "max": 0.0690626064241252,
            "count": 1
        },
        "BoatAgent.Losses.PolicyLoss.sum": {
            "value": 0.1381252128482504,
            "min": 0.1381252128482504,
            "max": 0.1381252128482504,
            "count": 1
        },
        "BoatAgent.Losses.ValueLoss.mean": {
            "value": 4737.9388217926025,
            "min": 4737.9388217926025,
            "max": 4737.9388217926025,
            "count": 1
        },
        "BoatAgent.Losses.ValueLoss.sum": {
            "value": 9475.877643585205,
            "min": 9475.877643585205,
            "max": 9475.877643585205,
            "count": 1
        },
        "BoatAgent.Policy.LearningRate.mean": {
            "value": 0.00030000000000000003,
            "min": 0.00030000000000000003,
            "max": 0.00030000000000000003,
            "count": 1
        },
        "BoatAgent.Policy.LearningRate.sum": {
            "value": 0.0006000000000000001,
            "min": 0.0006000000000000001,
            "max": 0.0006000000000000001,
            "count": 1
        },
        "BoatAgent.Policy.Epsilon.mean": {
            "value": 0.19999999999999996,
            "min": 0.19999999999999996,
            "max": 0.19999999999999996,
            "count": 1
        },
        "BoatAgent.Policy.Epsilon.sum": {
            "value": 0.3999999999999999,
            "min": 0.3999999999999999,
            "max": 0.3999999999999999,
            "count": 1
        },
        "BoatAgent.Policy.Beta.mean": {
            "value": 0.0005000000000000001,
            "min": 0.0005000000000000001,
            "max": 0.0005000000000000001,
            "count": 1
        },
        "BoatAgent.Policy.Beta.sum": {
            "value": 0.0010000000000000002,
            "min": 0.0010000000000000002,
            "max": 0.0010000000000000002,
            "count": 1
        },
        "BoatAgent.Losses.CuriosityForwardLoss.mean": {
            "value": 291.13065571820033,
            "min": 291.13065571820033,
            "max": 291.13065571820033,
            "count": 1
        },
        "BoatAgent.Losses.CuriosityForwardLoss.sum": {
            "value": 582.2613114364007,
            "min": 582.2613114364007,
            "max": 582.2613114364007,
            "count": 1
        },
        "BoatAgent.Losses.CuriosityInverseLoss.mean": {
            "value": 4.328224309373136,
            "min": 4.328224309373136,
            "max": 4.328224309373136,
            "count": 1
        },
        "BoatAgent.Losses.CuriosityInverseLoss.sum": {
            "value": 8.656448618746271,
            "min": 8.656448618746271,
            "max": 8.656448618746271,
            "count": 1
        },
        "BoatAgent.IsTraining.mean": {
            "value": 1.0,
            "min": 1.0,
            "max": 1.0,
            "count": 1
        },
        "BoatAgent.IsTraining.sum": {
            "value": 1.0,
            "min": 1.0,
            "max": 1.0,
            "count": 1
        }
    },
    "metadata": {
        "timer_format_version": "0.1.0",
        "start_time_seconds": "1698311578",
        "python_version": "3.6.13 |Anaconda, Inc.| (default, Jun  4 2021, 14:25:59) \n[GCC 7.5.0]",
        "command_line_arguments": "/home/joshua/miniconda3/envs/ai_boat/bin/mlagents-learn config/boatAgent.yaml --run-id=headless_20",
        "mlagents_version": "0.26.0",
        "mlagents_envs_version": "0.26.0",
        "communication_protocol_version": "1.5.0",
        "pytorch_version": "1.8.1+cu102",
        "numpy_version": "1.19.5",
        "end_time_seconds": "1698311620"
    },
    "total": 41.86196870000094,
    "count": 1,
    "self": 0.004399486000693287,
    "children": {
        "run_training.setup": {
            "total": 0.012608084000021336,
            "count": 1,
            "self": 0.012608084000021336
        },
        "TrainerController.start_learning": {
            "total": 41.84496113000023,
            "count": 1,
            "self": 0.022693926981446566,
            "children": {
                "TrainerController._reset_env": {
                    "total": 18.103830205000122,
                    "count": 1,
                    "self": 18.103830205000122
                },
                "TrainerController.advance": {
                    "total": 23.52393176701844,
                    "count": 1417,
                    "self": 0.022680212059640326,
                    "children": {
                        "env_step": {
                            "total": 15.43917401500039,
                            "count": 1417,
                            "self": 10.884145919975708,