{
    "name": "root",
    "gauges": {
        "BoatAgent.Policy.Entropy.mean": {
            "value": 1.4773932695388794,
            "min": 1.4773932695388794,
            "max": 1.4773932695388794,
            "count": 1
        },
        "BoatAgent.Policy.Entropy.sum": {
            "value": 147791.03125,
            "min": 147791.03125,
            "max": 147791.03125,
            "count": 1
        },
        "BoatAgent.Step.mean": {
            "value": 99971.0,
            "min": 99971.0,
            "max": 99971.0,
            "count": 1
        },
        "BoatAgent.Step.sum": {
            "value": 99971.0,
            "min": 99971.0,
            "max": 99971.0,
            "count": 1
        },
        "BoatAgent.Policy.ExtrinsicValueEstimate.mean": {
            "value": -27.51044273376465,
            "min": -27.51044273376465,
            "max": -27.51044273376465,
            "count": 1
        },
        "BoatAgent.Policy.ExtrinsicValueEstimate.sum": {
            "value": -43053.84375,
            "min": -43053.84375,
            "max": -43053.84375,
            "count": 1
        },
        "BoatAgent.Policy.CuriosityValueEstimate.mean": {
            "value": 2.946255922317505,
            "min": 2.946255922317505,
            "max": 2.946255922317505,
            "count": 1
        },
        "BoatAgent.Policy.CuriosityValueEstimate.sum": {
            "value": 4610.890625,
            "min": 4610.890625,
            "max": 4610.890625,
            "count": 1
        },
        "BoatAgent.Losses.PolicyLoss.mean": {
            "value": 0.10548308721997379,
            "min": 0.10548308721997379,
            "max": 0.10548308721997379,
            "count": 1
        },
        "BoatAgent.Losses.PolicyLoss.sum": {
            "value": 2.531594093279371,
            "min": 2.531594093279371,
            "max": 2.531594093279371,
            "count": 1
        },
        "BoatAgent.Losses.ValueLoss.mean": {
            "value": 367.44609448148145,
            "min": 367.44609448148145,
            "max": 367.44609448148145,
            "count": 1
        },
        "BoatAgent.Losses.ValueLoss.sum": {
            "value": 8818.706267555555,
            "min": 8818.706267555555,
            "max": 8818.706267555555,
            "count": 1
        },
        "BoatAgent.Policy.LearningRate.mean": {
            "value": 0.0003,
            "min": 0.0003,
            "max": 0.0003,
            "count": 1
        },
        "BoatAgent.Policy.LearningRate.sum": {
            "value": 0.0072,
            "min": 0.0072,
            "max": 0.0072,
            "count": 1
        },
        "BoatAgent.Policy.Epsilon.mean": {
            "value": 0.19999999999999998,
            "min": 0.19999999999999998,
            "max": 0.19999999999999998,
            "count": 1
        },
        "BoatAgent.Policy.Epsilon.sum": {
            "value": 4.8,
            "min": 4.8,
            "max": 4.8,
            "count": 1
        },
        "BoatAgent.Policy.Beta.mean": {
            "value": 0.0005000000000000001,
            "min": 0.0005000000000000001,
            "max": 0.0005000000000000001,
            "count": 1
        },
        "BoatAgent.Policy.Beta.sum": {
            "value": 0.012000000000000004,
            "min": 0.012000000000000004,
            "max": 0.012000000000000004,
            "count": 1
        },
        "BoatAgent.Losses.CuriosityForwardLoss.mean": {
            "value": 188887.37190618322,
            "min": 188887.37190618322,
            "max": 188887.37190618322,
            "count": 1
        },
        "BoatAgent.Losses.CuriosityForwardLoss.sum": {
            "value": 4533296.925748398,
            "min": 4533296.925748398,
            "max": 4533296.925748398,
            "count": 1
        },
        "BoatAgent.Losses.CuriosityInverseLoss.mean": {
            "value": 6492.171804132922,
            "min": 6492.171804132922,
            "max": 6492.171804132922,
            "count": 1
        },
        "BoatAgent.Losses.CuriosityInverseLoss.sum": {
            "value": 155812.12329919013,
            "min": 155812.12329919013,
            "max": 155812.12329919013,
            "count": 1
        },
        "BoatAgent.Environment.EpisodeLength.mean": {
            "value": 17935.75,
            "min": 17935.75,
            "max": 17935.75,
            "count": 1
        },
        "BoatAgent.Environment.EpisodeLength.sum": {
            "value": 71743.0,
            "min": 71743.0,
            "max": 71743.0,
            "count": 1
        },
        "BoatAgent.Environment.CumulativeReward.mean": {
            "value": -5001.027807712555,
            "min": -5001.027807712555,
            "max": -5001.027807712555,
            "count": 1
        },
        "BoatAgent.Environment.CumulativeReward.sum": {
            "value": -20004.11123085022,
            "min": -20004.11123085022,
            "max": -20004.11123085022,
            "count": 1
        },
        "BoatAgent.Policy.ExtrinsicReward.mean": {
            "value": -5001.027807712555,
            "min": -5001.027807712555,
            "max": -5001.027807712555,
            "count": 1
        },
        "BoatAgent.Policy.ExtrinsicReward.sum": {
            "value": -20004.11123085022,
            "min": -20004.11123085022,
            "max": -20004.11123085022,
            "count": 1
        },
        "BoatAgent.Policy.CuriosityReward.mean": {
            "value": 16844.685096740723,
            "min": 16844.685096740723,
            "max": 16844.685096740723,
            "count": 1
        },
        "BoatAgent.Policy.CuriosityReward.sum": {
            "value": 67378.74038696289,
            "min": 67378.74038696289,
            "max": 67378.74038696289,
            "count": 1
        },
        "BoatAgent.IsTraining.mean": {
            "value": 1.0,
            "min": 1.0,
            "max": 1.0,
            "count": 1
        },
        "BoatAgent.IsTraining.sum": {
            "value": 1.0,
            "min": 1.0,
            "max": 1.0,
            "count": 1
        }
    },
    "metadata": {
        "timer_format_version": "0.1.0",
        "start_time_seconds": "1697578625",
        "python_version": "3.6.13 |Anaconda, Inc.| (default, Jun  4 2021, 14:25:59) \n[GCC 7.5.0]",
        "command_line_arguments": "/home/joshua/miniconda3/envs/ai_boat/bin/mlagents-learn config/boatAgent.yaml --run-id=firstShots_4",
        "mlagents_version": "0.26.0",
        "mlagents_envs_version": "0.26.0",
        "communication_protocol_version": "1.5.0",
        "pytorch_version": "1.8.1+cu102",
        "numpy_version": "1.19.5",
        "end_time_seconds": "1697579455"
    },
    "total": 829.6923650870012,
    "count": 1,
    "self": 0.00434865500574233,
    "children": {
        "run_training.setup": {
            "total": 0.009703380994324107,
            "count": 1,
            "self": 0.009703380994324107
        },
        "TrainerController.start_learning": {
            "total": 829.6783130510012,
            "count": 1,
            "self": 2.0127965049250633,
            "children": {
                "TrainerController._reset_env": {
                    "total": 18.36720103499829,
                    "count": 1,
                    "self": 18.36720103499829
                },
                "TrainerController.advance": {
                    "total": 809.2003080090799,
                    "count": 135201,
                    "self": 1.9912144078771234,
                    "children": {
                        "env_step": {
                            "total": 734.3019418452313,
                            "count": 135201,
                            "self": 503.59030381173943,
                            "children": {
                                "SubprocessEnvManager._take_step": {
                                    "total": 229.50907167539845,
                                    "count": 135201,