{
    "name": "root",
    "metadata": {
        "timer_format_version": "0.1.0",
        "start_time_seconds": "1699019272",
        "python_version": "3.6.13 |Anaconda, Inc.| (default, Jun  4 2021, 14:25:59) \n[GCC 7.5.0]",
        "command_line_arguments": "/home/joshua/miniconda3/envs/ai_boat/bin/mlagents-learn config/boatAgent.yaml --run-id=kiteboat_10",
        "mlagents_version": "0.26.0",
        "mlagents_envs_version": "0.26.0",
        "communication_protocol_version": "1.5.0",
        "pytorch_version": "1.8.1+cu102",
        "numpy_version": "1.19.5",
        "end_time_seconds": "1699019331"
    },
    "total": 58.430026005999025,
    "count": 1,
    "self": 0.005114539000715013,
    "children": {
        "run_training.setup": {
            "total": 0.012349859998721513,
            "count": 1,
            "self": 0.012349859998721513
        },
        "TrainerController.start_learning": {
            "total": 58.41256160699959,
            "count": 1,
            "self": 0.11832468709508248,
            "children": {
                "TrainerController._reset_env": {
                    "total": 9.969264215000294,
                    "count": 1,
                    "self": 9.969264215000294
                },
                "TrainerController.advance": {
                    "total": 48.19788504490498,
                    "count": 7934,
                    "self": 0.11885393479678896,
                    "children": {
                        "env_step": {
                            "total": 45.423650528056896,
                            "count": 7934,
                            "self": 31.588784634204785,
                            "children": {
                                "SubprocessEnvManager._take_step": {
                                    "total": 13.762602805900315,
                                    "count": 7934,
                                    "self": 0.34993332386147813,
                                    "children": {
                                        "TorchPolicy.evaluate": {
                                            "total": 13.412669482038837,
                                            "count": 7934,
                                            "self": 3.0060519240705617,
                                            "children": {
                                                "TorchPolicy.sample_actions": {
                                                    "total": 10.406617557968275,
                                                    "count": 7934,
                                                    "self": 10.406617557968275
                                                }
                                            }
                                        }
                                    }
                                },
                                "workers": {
                                    "total": 0.07226308795179648,
                                    "count": 7933,
                                    "self": 0.0,
                                    "children": {
                                        "worker_root": {
                                            "total": 58.00861339109906,
                                            "count": 7933,
                                            "is_parallel": true,
                                            "self": 31.44762917614571,
                                            "children": {
                                                "run_training.setup": {
                                                    "total": 0.0,
                                                    "count": 0,
                                                    "is_parallel": true,
                                                    "self": 0.0,
                                                    "children": {
                                                        "steps_from_proto": {
                                                            "total": 0.0006493830005638301,
                                                            "count": 1,
                                                            "is_parallel": true,
                                                            "self": 0.0003083060000790283,
                                                            "children": {
                                                                "_process_rank_one_or_two_observation": {
                                                                    "total": 0.00034107700048480183,
                                                                    "count": 2,
                                                                    "is_parallel": true,
                                                                    "self": 0.00034107700048480183
                                                                }
                                                            }
                                                        },
                                                        "UnityEnvironment.step": {
                                                            "total": 0.03886667800179566,
                                                            "count": 1,
                                                            "is_parallel": true,
                                                            "self": 8.458500451524742e-05,
                                                            "children": {
                                                                "UnityEnvironment._generate_step_input": {
                                                                    "total": 0.00012555799912661314,
                                                                    "count": 1,
                                                                    "is_parallel": true,
                                                                    "self": 0.00012555799912661314
                                                                },
                                                                "communicator.exchange": {
                                                                    "total": 0.038370081998436945,
                                                                    "count": 1,
                                                                    "is_parallel": true,
                                                                    "self": 0.038370081998436945
                                                                },
                                                                "steps_from_proto": {
                                                                    "total": 0.00028645299971685745,
                                                                    "count": 1,
                                                                    "is_parallel": true,
                                                                    "self": 0.0001550209999550134,
                                                                    "children": {
                                                                        "_process_rank_one_or_two_observation": {
                                                                            "total": 0.00013143199976184405,
                                                                            "count": 2,
                                                                            "is_parallel": true,