{
    "name": "root",
    "metadata": {
        "timer_format_version": "0.1.0",
        "start_time_seconds": "1697741196",
        "python_version": "3.6.13 |Anaconda, Inc.| (default, Jun  4 2021, 14:25:59) \n[GCC 7.5.0]",
        "command_line_arguments": "/home/joshua/miniconda3/envs/ai_boat/bin/mlagents-learn config/boatAgent.yaml --run-id=1stgo_nav_17",
        "mlagents_version": "0.26.0",
        "mlagents_envs_version": "0.26.0",
        "communication_protocol_version": "1.5.0",
        "pytorch_version": "1.8.1+cu102",
        "numpy_version": "1.19.5",
        "end_time_seconds": "1697741223"
    },
    "total": 26.12060915100301,
    "count": 1,
    "self": 0.004379972000606358,
    "children": {
        "run_training.setup": {
            "total": 0.010529755003517494,
            "count": 1,
            "self": 0.010529755003517494
        },
        "TrainerController.start_learning": {
            "total": 26.105699423998885,
            "count": 1,
            "self": 0.016293255961500108,
            "children": {
                "TrainerController._reset_env": {
                    "total": 12.803698110001278,
                    "count": 1,
                    "self": 12.803698110001278
                },
                "TrainerController.advance": {
                    "total": 13.05398706903361,
                    "count": 1017,
                    "self": 0.015499380147957709,
                    "children": {
                        "env_step": {
                            "total": 11.440300227950502,
                            "count": 1017,
                            "self": 7.6353103528454085,
                            "children": {
                                "SubprocessEnvManager._take_step": {
                                    "total": 3.7965427980889217,
                                    "count": 1017,
                                    "self": 0.04125320808816468,
                                    "children": {
                                        "TorchPolicy.evaluate": {
                                            "total": 3.755289590000757,
                                            "count": 1017,
                                            "self": 0.3629529568934231,
                                            "children": {
                                                "TorchPolicy.sample_actions": {
                                                    "total": 3.392336633107334,
                                                    "count": 1017,
                                                    "self": 3.392336633107334
                                                }
                                            }
                                        }
                                    }
                                },
                                "workers": {
                                    "total": 0.008447077016171534,
                                    "count": 1016,
                                    "self": 0.0,
                                    "children": {
                                        "worker_root": {
                                            "total": 25.824890796960972,
                                            "count": 1016,
                                            "is_parallel": true,
                                            "self": 18.89049716995214,
                                            "children": {
                                                "run_training.setup": {
                                                    "total": 0.0,
                                                    "count": 0,
                                                    "is_parallel": true,
                                                    "self": 0.0,
                                                    "children": {
                                                        "steps_from_proto": {
                                                            "total": 0.0006718080039718188,
                                                            "count": 1,
                                                            "is_parallel": true,
                                                            "self": 0.00035231000219937414,
                                                            "children": {
                                                                "_process_rank_one_or_two_observation": {
                                                                    "total": 0.0003194980017724447,
                                                                    "count": 2,
                                                                    "is_parallel": true,
                                                                    "self": 0.0003194980017724447
                                                                }
                                                            }
                                                        },
                                                        "UnityEnvironment.step": {
                                                            "total": 0.026496222002606373,
                                                            "count": 1,
                                                            "is_parallel": true,
                                                            "self": 7.061700307531282e-05,
                                                            "children": {
                                                                "UnityEnvironment._generate_step_input": {
                                                                    "total": 8.799599891062826e-05,
                                                                    "count": 1,
                                                                    "is_parallel": true,
                                                                    "self": 8.799599891062826e-05
                                                                },
                                                                "communicator.exchange": {
                                                                    "total": 0.026094073997228406,
                                                                    "count": 1,
                                                                    "is_parallel": true,
                                                                    "self": 0.026094073997228406
                                                                },
                                                                "steps_from_proto": {
                                                                    "total": 0.00024353500339202583,
                                                                    "count": 1,
                                                                    "is_parallel": true,
                                                                    "self": 0.00015668700507376343,
                                                                    "children": {
                                                                        "_process_rank_one_or_two_observation": {
                                                                            "total": 8.68479983182624e-05,
                                                                            "count": 2,
                                                                            "is_parallel": true,