{
    "name": "root",
    "gauges": {
        "BoatAgent.Policy.Entropy.mean": {
            "value": 0.010431716218590736,
            "min": 0.010431716218590736,
            "max": 0.32634642720222473,
            "count": 2
        },
        "BoatAgent.Policy.Entropy.sum": {
            "value": 1043.5679931640625,
            "min": 1043.5679931640625,
            "max": 32634.96875,
            "count": 2
        },
        "BoatAgent.Step.mean": {
            "value": 199975.0,
            "min": 99937.0,
            "max": 199975.0,
            "count": 2
        },
        "BoatAgent.Step.sum": {
            "value": 199975.0,
            "min": 99937.0,
            "max": 199975.0,
            "count": 2
        },
        "BoatAgent.Policy.ExtrinsicValueEstimate.mean": {
            "value": -697.7736206054688,
            "min": -697.7736206054688,
            "max": -433.2076110839844,
            "count": 2
        },
        "BoatAgent.Policy.ExtrinsicValueEstimate.sum": {
            "value": -1149233.125,
            "min": -1149233.125,
            "max": -700063.5,
            "count": 2
        },
        "BoatAgent.Policy.CuriosityValueEstimate.mean": {
            "value": 23.10590362548828,
            "min": 23.10590362548828,
            "max": 58.84635925292969,
            "count": 2
        },
        "BoatAgent.Policy.CuriosityValueEstimate.sum": {
            "value": 38055.421875,
            "min": 38055.421875,
            "max": 95095.71875,
            "count": 2
        },
        "BoatAgent.Environment.EpisodeLength.mean": {
            "value": 925.8703703703703,
            "min": 925.8703703703703,
            "max": 1026.639175257732,
            "count": 2
        },
        "BoatAgent.Environment.EpisodeLength.sum": {
            "value": 99994.0,
            "min": 99584.0,
            "max": 99994.0,
            "count": 2
        },
        "BoatAgent.Environment.CumulativeReward.mean": {
            "value": -4994.367731509661,
            "min": -5017.786965498604,
            "max": -4994.367731509661,
            "count": 2
        },
        "BoatAgent.Environment.CumulativeReward.sum": {
            "value": -539391.7150030434,
            "min": -539391.7150030434,
            "max": -486725.33565336466,
            "count": 2
        },
        "BoatAgent.Policy.ExtrinsicReward.mean": {
            "value": -4994.367731509661,
            "min": -5017.786965498604,
            "max": -4994.367731509661,
            "count": 2
        },
        "BoatAgent.Policy.ExtrinsicReward.sum": {
            "value": -539391.7150030434,
            "min": -539391.7150030434,
            "max": -486725.33565336466,
            "count": 2
        },
        "BoatAgent.Policy.CuriosityReward.mean": {
            "value": 205.7012197861655,
            "min": 205.7012197861655,
            "max": 560.714804506179,
            "count": 2
        },
        "BoatAgent.Policy.CuriosityReward.sum": {
            "value": 22215.731736905873,
            "min": 22215.731736905873,
            "max": 54389.33603709936,
            "count": 2
        },
        "BoatAgent.Losses.PolicyLoss.mean": {
            "value": 0.06964925617790464,
            "min": 0.06852680914077307,
            "max": 0.06964925617790464,
            "count": 2
        },
        "BoatAgent.Losses.PolicyLoss.sum": {
            "value": 1.6715821482697113,
            "min": 1.6446434193785535,
            "max": 1.6715821482697113,
            "count": 2
        },
        "BoatAgent.Losses.ValueLoss.mean": {
            "value": 16280.601914723715,
            "min": 11228.97283683883,
            "max": 16280.601914723715,
            "count": 2
        },
        "BoatAgent.Losses.ValueLoss.sum": {
            "value": 390734.44595336914,
            "min": 269495.3480841319,
            "max": 390734.44595336914,
            "count": 2
        },
        "BoatAgent.Policy.LearningRate.mean": {
            "value": 0.0003,
            "min": 0.0003,
            "max": 0.0003,
            "count": 2
        },
        "BoatAgent.Policy.LearningRate.sum": {
            "value": 0.0072,
            "min": 0.0072,
            "max": 0.0072,
            "count": 2
        },
        "BoatAgent.Policy.Epsilon.mean": {
            "value": 0.19999999999999998,
            "min": 0.19999999999999998,
            "max": 0.19999999999999998,
            "count": 2
        },
        "BoatAgent.Policy.Epsilon.sum": {
            "value": 4.8,
            "min": 4.8,
            "max": 4.8,
            "count": 2
        },
        "BoatAgent.Policy.Beta.mean": {
            "value": 0.0005000000000000001,
            "min": 0.0005000000000000001,
            "max": 0.0005000000000000001,
            "count": 2
        },
        "BoatAgent.Policy.Beta.sum": {
            "value": 0.012000000000000004,
            "min": 0.012000000000000004,
            "max": 0.012000000000000004,
            "count": 2
        },
        "BoatAgent.Losses.CuriosityForwardLoss.mean": {
            "value": 139.11718161668006,
            "min": 139.11718161668006,
            "max": 5133.523468070561,
            "count": 2
        },
        "BoatAgent.Losses.CuriosityForwardLoss.sum": {
            "value": 3338.8123588003214,
            "min": 3338.8123588003214,
            "max": 123204.56323369345,
            "count": 2
        },
        "BoatAgent.Losses.CuriosityInverseLoss.mean": {
            "value": 4.32213879011429,
            "min": 0.429011087293879,
            "max": 4.32213879011429,
            "count": 2
        },
        "BoatAgent.Losses.CuriosityInverseLoss.sum": {
            "value": 103.73133096274297,
            "min": 10.296266095053095,
            "max": 103.73133096274297,
            "count": 2
        },
        "BoatAgent.IsTraining.mean": {
            "value": 1.0,
            "min": 1.0,
            "max": 1.0,
            "count": 2
        },
        "BoatAgent.IsTraining.sum": {
            "value": 1.0,
            "min": 1.0,
            "max": 1.0,
            "count": 2
        }
    },
    "metadata": {
        "timer_format_version": "0.1.0",
        "start_time_seconds": "1697722264",
        "python_version": "3.6.13 |Anaconda, Inc.| (default, Jun  4 2021, 14:25:59) \n[GCC 7.5.0]",
        "command_line_arguments": "/home/joshua/miniconda3/envs/ai_boat/bin/mlagents-learn config/boatAgent.yaml --run-id=2nd_go_30",
        "mlagents_version": "0.26.0",
        "mlagents_envs_version": "0.26.0",
        "communication_protocol_version": "1.5.0",
        "pytorch_version": "1.8.1+cu102",
        "numpy_version": "1.19.5",
        "end_time_seconds": "1697723669"
    },
    "total": 1405.4080705779998,
    "count": 1,
    "self": 0.00772673599931295,
    "children": {
        "run_training.setup": {
            "total": 0.011416443001508014,
            "count": 1,
            "self": 0.011416443001508014
        },
        "TrainerController.start_learning": {
            "total": 1405.388927398999,
            "count": 1,
            "self": 3.0662865974809392,
            "children": {
                "TrainerController._reset_env": {
                    "total": 9.953709376997722,
                    "count": 1,
                    "self": 9.953709376997722
                },
                "TrainerController.advance": {
                    "total": 1392.2651394905224,
                    "count": 210701,
                    "self": 2.9788033143631765,
                    "children": {
                        "env_step": {
                            "total": 1276.9085427553655,
                            "count": 210701,
                            "self": 937.8409338149577,
                            "children": {
                                "SubprocessEnvManager._take_step": {
                                    "total": 337.2383732625858,
                                    "count": 210701,