{
    "name": "root",
    "metadata": {
        "timer_format_version": "0.1.0",
        "start_time_seconds": "1697735321",
        "python_version": "3.6.13 |Anaconda, Inc.| (default, Jun  4 2021, 14:25:59) \n[GCC 7.5.0]",
        "command_line_arguments": "/home/joshua/miniconda3/envs/ai_boat/bin/mlagents-learn config/boatAgent.yaml --run-id=1stgo_nav_6",
        "mlagents_version": "0.26.0",
        "mlagents_envs_version": "0.26.0",
        "communication_protocol_version": "1.5.0",
        "pytorch_version": "1.8.1+cu102",
        "numpy_version": "1.19.5",
        "end_time_seconds": "1697735333"
    },
    "total": 12.25306962400282,
    "count": 1,
    "self": 0.004717675001302268,
    "children": {
        "run_training.setup": {
            "total": 0.010836365003342507,
            "count": 1,
            "self": 0.010836365003342507
        },
        "TrainerController.start_learning": {
            "total": 12.237515583998174,
            "count": 1,
            "self": 0.000262115994701162,
            "children": {
                "TrainerController._reset_env": {
                    "total": 9.646835375999217,
                    "count": 1,
                    "self": 9.646835375999217
                },
                "TrainerController.advance": {
                    "total": 2.3536294960031228,
                    "count": 1,
                    "self": 3.087900404352695e-05,
                    "children": {
                        "env_step": {
                            "total": 2.3535986169990792,
                            "count": 1,
                            "self": 2.3488466960006917,
                            "children": {
                                "SubprocessEnvManager._take_step": {
                                    "total": 0.004751920998387504,
                                    "count": 1,
                                    "self": 4.625599831342697e-05,
                                    "children": {
                                        "TorchPolicy.evaluate": {
                                            "total": 0.004705665000074077,
                                            "count": 1,
                                            "self": 0.0004545110023173038,
                                            "children": {
                                                "TorchPolicy.sample_actions": {
                                                    "total": 0.004251153997756774,
                                                    "count": 1,
                                                    "self": 0.004251153997756774
                                                }
                                            }
                                        }
                                    }
                                }
                            }
                        }
                    }
                },
                "trainer_threads": {
                    "total": 1.1000010999850929e-06,
                    "count": 1,
                    "self": 1.1000010999850929e-06
                },
                "TrainerController._save_models": {
                    "total": 0.23678749600003357,
                    "count": 1,
                    "self": 0.0010318229979020543,
                    "children": {
                        "RLTrainer._checkpoint": {
                            "total": 0.23575567300213152,
                            "count": 1,
                            "self": 0.23575567300213152
                        }
                    }
                }
            }
        }
    }
}