{
    "name": "root",
    "metadata": {
        "timer_format_version": "0.1.0",
        "start_time_seconds": "1697576483",
        "python_version": "3.6.13 |Anaconda, Inc.| (default, Jun  4 2021, 14:25:59) \n[GCC 7.5.0]",
        "command_line_arguments": "/home/joshua/miniconda3/envs/ai_boat/bin/mlagents-learn config/boatAgent.yaml --run-id=firstShots_2",
        "mlagents_version": "0.26.0",
        "mlagents_envs_version": "0.26.0",
        "communication_protocol_version": "1.5.0",
        "pytorch_version": "1.8.1+cu102",
        "numpy_version": "1.19.5",
        "end_time_seconds": "1697576725"
    },
    "total": 241.60869655699935,
    "count": 1,
    "self": 0.005162768000445794,
    "children": {
        "run_training.setup": {
            "total": 0.01127944699692307,
            "count": 1,
            "self": 0.01127944699692307
        },
        "TrainerController.start_learning": {
            "total": 241.59225434200198,
            "count": 1,
            "self": 0.5418540304162889,
            "children": {
                "TrainerController._reset_env": {
                    "total": 16.59446512699651,
                    "count": 1,
                    "self": 16.59446512699651
                },
                "TrainerController.advance": {
                    "total": 224.33431767958973,
                    "count": 35334,
                    "self": 0.5474370980009553,
                    "children": {
                        "env_step": {
                            "total": 205.08950364198245,
                            "count": 35334,
                            "self": 144.31357846160972,
                            "children": {
                                "SubprocessEnvManager._take_step": {
                                    "total": 60.45150747962907,
                                    "count": 35334,
                                    "self": 1.5314747505253763,
                                    "children": {
                                        "TorchPolicy.evaluate": {
                                            "total": 58.920032729103696,
                                            "count": 35334,
                                            "self": 17.521366795415815,
                                            "children": {
                                                "TorchPolicy.sample_actions": {
                                                    "total": 41.39866593368788,
                                                    "count": 35334,
                                                    "self": 41.39866593368788
                                                }
                                            }
                                        }
                                    }
                                },
                                "workers": {
                                    "total": 0.32441770074365195,
                                    "count": 35333,
                                    "self": 0.0,
                                    "children": {
                                        "worker_root": {
                                            "total": 240.75526094355882,
                                            "count": 35333,
                                            "is_parallel": true,
                                            "self": 118.14029339895205,
                                            "children": {
                                                "run_training.setup": {
                                                    "total": 0.0,
                                                    "count": 0,
                                                    "is_parallel": true,
                                                    "self": 0.0,
                                                    "children": {
                                                        "steps_from_proto": {
                                                            "total": 0.0005430710007203743,
                                                            "count": 1,
                                                            "is_parallel": true,
                                                            "self": 0.00023259500449057668,
                                                            "children": {
                                                                "_process_rank_one_or_two_observation": {
                                                                    "total": 0.0003104759962297976,
                                                                    "count": 2,
                                                                    "is_parallel": true,
                                                                    "self": 0.0003104759962297976
                                                                }
                                                            }
                                                        },
                                                        "UnityEnvironment.step": {
                                                            "total": 0.13625341299484717,
                                                            "count": 1,
                                                            "is_parallel": true,
                                                            "self": 6.966200453462079e-05,
                                                            "children": {
                                                                "UnityEnvironment._generate_step_input": {
                                                                    "total": 8.573100058129057e-05,
                                                                    "count": 1,
                                                                    "is_parallel": true,
                                                                    "self": 8.573100058129057e-05
                                                                },
                                                                "communicator.exchange": {
                                                                    "total": 0.135869305995584,
                                                                    "count": 1,
                                                                    "is_parallel": true,
                                                                    "self": 0.135869305995584
                                                                },
                                                                "steps_from_proto": {
                                                                    "total": 0.00022871399414725602,
                                                                    "count": 1,
                                                                    "is_parallel": true,
                                                                    "self": 0.0001334129919996485,
                                                                    "children": {
                                                                        "_process_rank_one_or_two_observation": {
                                                                            "total": 9.53010021476075e-05,
                                                                            "count": 2,
                                                                            "is_parallel": true,