{
    "name": "root",
    "gauges": {
        "BoatAgent.Policy.Entropy.mean": {
            "value": 3.6415092945098877,
            "min": 3.6415092945098877,
            "max": 3.7184948921203613,
            "count": 3
        },
        "BoatAgent.Policy.Entropy.sum": {
            "value": 36451.5078125,
            "min": 15004.126953125,
            "max": 36724.98046875,
            "count": 3
        },
        "BoatAgent.Step.mean": {
            "value": 159960.0,
            "min": 139966.0,
            "max": 159960.0,
            "count": 3
        },
        "BoatAgent.Step.sum": {
            "value": 159960.0,
            "min": 139966.0,
            "max": 159960.0,
            "count": 3
        },
        "BoatAgent.Policy.ExtrinsicValueEstimate.mean": {
            "value": 13.365602493286133,
            "min": 13.365602493286133,
            "max": 37.63175964355469,
            "count": 3
        },
        "BoatAgent.Policy.ExtrinsicValueEstimate.sum": {
            "value": 2098.399658203125,
            "min": 2098.399658203125,
            "max": 3608.97607421875,
            "count": 3
        },
        "BoatAgent.Policy.CuriosityValueEstimate.mean": {
            "value": -0.6945446133613586,
            "min": -0.6945446133613586,
            "max": 0.04673175513744354,
            "count": 3
        },
        "BoatAgent.Policy.CuriosityValueEstimate.sum": {
            "value": -109.04350280761719,
            "min": -109.04350280761719,
            "max": 7.290153980255127,
            "count": 3
        },
        "BoatAgent.Environment.EpisodeLength.mean": {
            "value": 8108.0,
            "min": 66.0,
            "max": 8108.0,
            "count": 2
        },
        "BoatAgent.Environment.EpisodeLength.sum": {
            "value": 16216.0,
            "min": 66.0,
            "max": 16216.0,
            "count": 2
        },
        "BoatAgent.Environment.CumulativeReward.mean": {
            "value": -17.699999518692493,
            "min": -100.0,
            "max": -17.699999518692493,
            "count": 2
        },
        "BoatAgent.Environment.CumulativeReward.sum": {
            "value": -35.39999903738499,
            "min": -100.0,
            "max": -35.39999903738499,
            "count": 2
        },
        "BoatAgent.Policy.ExtrinsicReward.mean": {
            "value": -17.699999518692493,
            "min": -100.0,
            "max": -17.699999518692493,
            "count": 2
        },
        "BoatAgent.Policy.ExtrinsicReward.sum": {
            "value": -35.39999903738499,
            "min": -100.0,
            "max": -35.39999903738499,
            "count": 2
        },
        "BoatAgent.Policy.CuriosityReward.mean": {
            "value": 10.94925844669342,
            "min": 0.0,
            "max": 10.94925844669342,
            "count": 2
        },
        "BoatAgent.Policy.CuriosityReward.sum": {
            "value": 21.89851689338684,
            "min": 0.0,
            "max": 21.89851689338684,
            "count": 2
        },
        "BoatAgent.IsTraining.mean": {
            "value": 1.0,
            "min": 1.0,
            "max": 1.0,
            "count": 3
        },
        "BoatAgent.IsTraining.sum": {
            "value": 1.0,
            "min": 1.0,
            "max": 1.0,
            "count": 3
        },
        "BoatAgent.Losses.PolicyLoss.mean": {
            "value": 0.06070059397973182,
            "min": 0.06070059397973182,
            "max": 0.06931521645199408,
            "count": 2
        },
        "BoatAgent.Losses.PolicyLoss.sum": {
            "value": 0.12140118795946364,
            "min": 0.12140118795946364,
            "max": 0.20794564935598225,
            "count": 2
        },
        "BoatAgent.Losses.ValueLoss.mean": {
            "value": 41.419329407935344,
            "min": 7.901536674549182,
            "max": 41.419329407935344,
            "count": 2
        },
        "BoatAgent.Losses.ValueLoss.sum": {
            "value": 82.83865881587069,
            "min": 23.704610023647547,
            "max": 82.83865881587069,
            "count": 2
        },
        "BoatAgent.Policy.LearningRate.mean": {
            "value": 0.0003,
            "min": 0.0003,
            "max": 0.0003,
            "count": 2
        },
        "BoatAgent.Policy.LearningRate.sum": {
            "value": 0.0006,
            "min": 0.0006,
            "max": 0.0009,
            "count": 2
        },
        "BoatAgent.Policy.Epsilon.mean": {
            "value": 0.19999999999999998,
            "min": 0.19999999999999998,
            "max": 0.19999999999999998,
            "count": 2
        },
        "BoatAgent.Policy.Epsilon.sum": {
            "value": 0.39999999999999997,
            "min": 0.39999999999999997,
            "max": 0.6,
            "count": 2
        },
        "BoatAgent.Policy.Beta.mean": {
            "value": 0.0005000000000000001,
            "min": 0.0005000000000000001,
            "max": 0.0005000000000000001,
            "count": 2
        },
        "BoatAgent.Policy.Beta.sum": {
            "value": 0.0010000000000000002,
            "min": 0.0010000000000000002,
            "max": 0.0015000000000000005,
            "count": 2
        },
        "BoatAgent.Losses.CuriosityForwardLoss.mean": {
            "value": 5106.586354668019,
            "min": 0.03840681591019448,
            "max": 5106.586354668019,
            "count": 2
        },
        "BoatAgent.Losses.CuriosityForwardLoss.sum": {
            "value": 10213.172709336039,
            "min": 0.11522044773058343,
            "max": 10213.172709336039,
            "count": 2
        },
        "BoatAgent.Losses.CuriosityInverseLoss.mean": {
            "value": 2.8100596964359283,
            "min": 2.8100596964359283,
            "max": 2.8661235496401787,
            "count": 2
        },
        "BoatAgent.Losses.CuriosityInverseLoss.sum": {
            "value": 5.620119392871857,
            "min": 5.620119392871857,
            "max": 8.598370648920536,
            "count": 2
        }
    },
    "metadata": {
        "timer_format_version": "0.1.0",
        "start_time_seconds": "1698317114",
        "python_version": "3.6.13 |Anaconda, Inc.| (default, Jun  4 2021, 14:25:59) \n[GCC 7.5.0]",
        "command_line_arguments": "/home/joshua/miniconda3/envs/ai_boat/bin/mlagents-learn config/boatAgent.yaml --run-id=simpleLoop_4 --resume",
        "mlagents_version": "0.26.0",
        "mlagents_envs_version": "0.26.0",
        "communication_protocol_version": "1.5.0",
        "pytorch_version": "1.8.1+cu102",
        "numpy_version": "1.19.5",
        "end_time_seconds": "1698317486"
    },
    "total": 372.57475116799833,
    "count": 1,
    "self": 0.004815175001567695,
    "children": {
        "run_training.setup": {
            "total": 0.010696748999180272,
            "count": 1,
            "self": 0.010696748999180272
        },
        "TrainerController.start_learning": {
            "total": 372.5592392439976,
            "count": 1,
            "self": 0.5617112849686237,
            "children": {
                "TrainerController._reset_env": {
                    "total": 9.921520662999683,
                    "count": 1,
                    "self": 9.921520662999683
                },
                "TrainerController.advance": {
                    "total": 361.87760932403035,
                    "count": 32473,
                    "self": 0.5774594977265224,
                    "children": {
                        "env_step": {
                            "total": 341.2395715056664,
                            "count": 32473,
                            "self": 231.71636310864415,
                            "children": {
                                "SubprocessEnvManager._take_step": {
                                    "total": 109.19859711223398,
                                    "count": 32473,