{
    "name": "root",
    "metadata": {
        "timer_format_version": "0.1.0",
        "start_time_seconds": "1697723971",
        "python_version": "3.6.13 |Anaconda, Inc.| (default, Jun  4 2021, 14:25:59) \n[GCC 7.5.0]",
        "command_line_arguments": "/home/joshua/miniconda3/envs/ai_boat/bin/mlagents-learn config/boatAgent.yaml --run-id=2nd_go_31",
        "mlagents_version": "0.26.0",
        "mlagents_envs_version": "0.26.0",
        "communication_protocol_version": "1.5.0",
        "pytorch_version": "1.8.1+cu102",
        "numpy_version": "1.19.5",
        "end_time_seconds": "1697724020"
    },
    "total": 48.46680710500004,
    "count": 1,
    "self": 0.004854986000282224,
    "children": {
        "run_training.setup": {
            "total": 0.015884512999036815,
            "count": 1,
            "self": 0.015884512999036815
        },
        "TrainerController.start_learning": {
            "total": 48.446067606000724,
            "count": 1,
            "self": 0.08076000095024938,
            "children": {
                "TrainerController._reset_env": {
                    "total": 9.971589395001502,
                    "count": 1,
                    "self": 9.971589395001502
                },
                "TrainerController.advance": {
                    "total": 38.280512378049025,
                    "count": 5151,
                    "self": 0.07684218596114079,
                    "children": {
                        "env_step": {
                            "total": 35.637570510119986,
                            "count": 5151,
                            "self": 27.259181256966258,
                            "children": {
                                "SubprocessEnvManager._take_step": {
                                    "total": 8.330990984046366,
                                    "count": 5151,
                                    "self": 0.224015132029308,
                                    "children": {
                                        "TorchPolicy.evaluate": {
                                            "total": 8.106975852017058,
                                            "count": 5151,
                                            "self": 1.875817042127892,
                                            "children": {
                                                "TorchPolicy.sample_actions": {
                                                    "total": 6.231158809889166,
                                                    "count": 5151,
                                                    "self": 6.231158809889166
                                                }
                                            }
                                        }
                                    }
                                },
                                "workers": {
                                    "total": 0.04739826910736156,
                                    "count": 5150,
                                    "self": 0.0,
                                    "children": {
                                        "worker_root": {
                                            "total": 48.20472460900419,
                                            "count": 5150,
                                            "is_parallel": true,
                                            "self": 24.201963317089394,
                                            "children": {
                                                "run_training.setup": {
                                                    "total": 0.0,
                                                    "count": 0,
                                                    "is_parallel": true,
                                                    "self": 0.0,
                                                    "children": {
                                                        "steps_from_proto": {
                                                            "total": 0.0008771569991949946,
                                                            "count": 1,
                                                            "is_parallel": true,
                                                            "self": 0.00039300899879890494,
                                                            "children": {
                                                                "_process_rank_one_or_two_observation": {
                                                                    "total": 0.00048414800039608963,
                                                                    "count": 2,
                                                                    "is_parallel": true,
                                                                    "self": 0.00048414800039608963
                                                                }
                                                            }
                                                        },
                                                        "UnityEnvironment.step": {
                                                            "total": 0.01509364899902721,
                                                            "count": 1,
                                                            "is_parallel": true,
                                                            "self": 6.842500442871824e-05,
                                                            "children": {
                                                                "UnityEnvironment._generate_step_input": {
                                                                    "total": 8.683699707034975e-05,
                                                                    "count": 1,
                                                                    "is_parallel": true,
                                                                    "self": 8.683699707034975e-05
                                                                },
                                                                "communicator.exchange": {
                                                                    "total": 0.014726630997756729,
                                                                    "count": 1,
                                                                    "is_parallel": true,
                                                                    "self": 0.014726630997756729
                                                                },
                                                                "steps_from_proto": {
                                                                    "total": 0.00021175599977141246,
                                                                    "count": 1,
                                                                    "is_parallel": true,
                                                                    "self": 0.0001308090031670872,
                                                                    "children": {
                                                                        "_process_rank_one_or_two_observation": {
                                                                            "total": 8.094699660432525e-05,
                                                                            "count": 2,
                                                                            "is_parallel": true,