{
    "name": "root",
    "metadata": {
        "timer_format_version": "0.1.0",
        "start_time_seconds": "1697719012",
        "python_version": "3.6.13 |Anaconda, Inc.| (default, Jun  4 2021, 14:25:59) \n[GCC 7.5.0]",
        "command_line_arguments": "/home/joshua/miniconda3/envs/ai_boat/bin/mlagents-learn config/boatAgent.yaml --run-id=2nd_go_24",
        "mlagents_version": "0.26.0",
        "mlagents_envs_version": "0.26.0",
        "communication_protocol_version": "1.5.0",
        "pytorch_version": "1.8.1+cu102",
        "numpy_version": "1.19.5",
        "end_time_seconds": "1697719166"
    },
    "total": 153.95517878399914,
    "count": 1,
    "self": 0.0056492819985578535,
    "children": {
        "run_training.setup": {
            "total": 0.010124694999831263,
            "count": 1,
            "self": 0.010124694999831263
        },
        "TrainerController.start_learning": {
            "total": 153.93940480700076,
            "count": 1,
            "self": 0.31053097292351595,
            "children": {
                "TrainerController._reset_env": {
                    "total": 10.416415362000407,
                    "count": 1,
                    "self": 10.416415362000407
                },
                "TrainerController.advance": {
                    "total": 143.0830855490767,
                    "count": 20267,
                    "self": 0.3185123640414531,
                    "children": {
                        "env_step": {
                            "total": 133.31191196495638,
                            "count": 20267,
                            "self": 97.87120935078929,
                            "children": {
                                "SubprocessEnvManager._take_step": {
                                    "total": 35.25346460014407,
                                    "count": 20267,
                                    "self": 0.9039743891316903,
                                    "children": {
                                        "TorchPolicy.evaluate": {
                                            "total": 34.34949021101238,
                                            "count": 20267,
                                            "self": 7.683519893202174,
                                            "children": {
                                                "TorchPolicy.sample_actions": {
                                                    "total": 26.665970317810206,
                                                    "count": 20267,
                                                    "self": 26.665970317810206
                                                }
                                            }
                                        }
                                    }
                                },
                                "workers": {
                                    "total": 0.18723801402302342,
                                    "count": 20266,
                                    "self": 0.0,
                                    "children": {
                                        "worker_root": {
                                            "total": 153.19399871382666,
                                            "count": 20266,
                                            "is_parallel": true,
                                            "self": 68.43286819575587,
                                            "children": {
                                                "run_training.setup": {
                                                    "total": 0.0,
                                                    "count": 0,
                                                    "is_parallel": true,
                                                    "self": 0.0,
                                                    "children": {
                                                        "steps_from_proto": {
                                                            "total": 0.0005922000000282424,
                                                            "count": 1,
                                                            "is_parallel": true,
                                                            "self": 0.000280613001450547,
                                                            "children": {
                                                                "_process_rank_one_or_two_observation": {
                                                                    "total": 0.00031158699857769534,
                                                                    "count": 2,
                                                                    "is_parallel": true,
                                                                    "self": 0.00031158699857769534
                                                                }
                                                            }
                                                        },
                                                        "UnityEnvironment.step": {
                                                            "total": 0.022836524000013014,
                                                            "count": 1,
                                                            "is_parallel": true,
                                                            "self": 7.397299850708805e-05,
                                                            "children": {
                                                                "UnityEnvironment._generate_step_input": {
                                                                    "total": 8.721400081412867e-05,
                                                                    "count": 1,
                                                                    "is_parallel": true,
                                                                    "self": 8.721400081412867e-05
                                                                },
                                                                "communicator.exchange": {
                                                                    "total": 0.022445712000262574,
                                                                    "count": 1,
                                                                    "is_parallel": true,
                                                                    "self": 0.022445712000262574
                                                                },
                                                                "steps_from_proto": {
                                                                    "total": 0.0002296250004292233,
                                                                    "count": 1,
                                                                    "is_parallel": true,
                                                                    "self": 0.00014085600014368538,
                                                                    "children": {
                                                                        "_process_rank_one_or_two_observation": {
                                                                            "total": 8.876900028553791e-05,
                                                                            "count": 2,
                                                                            "is_parallel": true,