{
    "name": "root",
    "gauges": {
        "BoatAgent.Policy.Entropy.mean": {
            "value": 3.945253610610962,
            "min": 3.1967952251434326,
            "max": 4.139776706695557,
            "count": 202
        },
        "BoatAgent.Policy.Entropy.sum": {
            "value": 39965.41796875,
            "min": 30766.380859375,
            "max": 46903.66796875,
            "count": 202
        },
        "BoatAgent.Step.mean": {
            "value": 2019955.0,
            "min": 9939.0,
            "max": 2019955.0,
            "count": 202
        },
        "BoatAgent.Step.sum": {
            "value": 2019955.0,
            "min": 9939.0,
            "max": 2019955.0,
            "count": 202
        },
        "BoatAgent.Policy.ExtrinsicValueEstimate.mean": {
            "value": 912.5194091796875,
            "min": -481.77386474609375,
            "max": 1000.8649291992188,
            "count": 202
        },
        "BoatAgent.Policy.ExtrinsicValueEstimate.sum": {
            "value": 142353.03125,
            "min": -76602.046875,
            "max": 161139.25,
            "count": 202
        },
        "BoatAgent.Policy.CuriosityValueEstimate.mean": {
            "value": 0.1668737381696701,
            "min": -4.653299808502197,
            "max": 21.33445167541504,
            "count": 202
        },
        "BoatAgent.Policy.CuriosityValueEstimate.sum": {
            "value": 26.032302856445312,
            "min": -725.914794921875,
            "max": 3328.17431640625,
            "count": 202
        },
        "BoatAgent.Losses.PolicyLoss.mean": {
            "value": 0.06520023412643453,
            "min": 0.05783009534685519,
            "max": 0.07868473624815428,
            "count": 202
        },
        "BoatAgent.Losses.PolicyLoss.sum": {
            "value": 0.19560070237930358,
            "min": 0.11566019069371038,
            "max": 0.22798978123984232,
            "count": 202
        },
        "BoatAgent.Losses.ValueLoss.mean": {
            "value": 254.09971263247107,
            "min": 6.995088867843151,
            "max": 29175.673685073853,
            "count": 202
        },
        "BoatAgent.Losses.ValueLoss.sum": {
            "value": 762.2991378974132,
            "min": 13.990177735686302,
            "max": 58351.347370147705,
            "count": 202
        },
        "BoatAgent.Policy.LearningRate.mean": {
            "value": 0.0003,
            "min": 0.0002999999999999999,
            "max": 0.0003000000000000001,
            "count": 202
        },
        "BoatAgent.Policy.LearningRate.sum": {
            "value": 0.0009,
            "min": 0.0005999999999999998,
            "max": 0.0009000000000000002,
            "count": 202
        },
        "BoatAgent.Policy.Epsilon.mean": {
            "value": 0.19999999999999998,
            "min": 0.19999999999999996,
            "max": 0.2,
            "count": 202
        },
        "BoatAgent.Policy.Epsilon.sum": {
            "value": 0.6,
            "min": 0.3999999999999999,
            "max": 0.6,
            "count": 202
        },
        "BoatAgent.Policy.Beta.mean": {
            "value": 0.0005000000000000001,
            "min": 0.0005000000000000001,
            "max": 0.0005000000000000002,
            "count": 202
        },
        "BoatAgent.Policy.Beta.sum": {
            "value": 0.0015000000000000005,
            "min": 0.0010000000000000002,
            "max": 0.0015000000000000005,
            "count": 202
        },
        "BoatAgent.Losses.CuriosityForwardLoss.mean": {
            "value": 0.0038193541665231066,
            "min": 0.0038193541665231066,
            "max": 27.911943776701534,
            "count": 202
        },
        "BoatAgent.Losses.CuriosityForwardLoss.sum": {
            "value": 0.01145806249956932,
            "min": 0.008177879087040742,
            "max": 55.82388755340307,
            "count": 202
        },
        "BoatAgent.Losses.CuriosityInverseLoss.mean": {
            "value": 3.125687056092502,
            "min": 3.010769080784586,
            "max": 4.304388656431721,
            "count": 202
        },
        "BoatAgent.Losses.CuriosityInverseLoss.sum": {
            "value": 9.377061168277505,
            "min": 6.02563334753116,
            "max": 12.265656630047644,
            "count": 202
        },
        "BoatAgent.Environment.EpisodeLength.mean": {
            "value": 3824.5,
            "min": 216.0,
            "max": 5000.0,
            "count": 155
        },
        "BoatAgent.Environment.EpisodeLength.sum": {
            "value": 7649.0,
            "min": 616.0,
            "max": 55234.0,
            "count": 155
        },
        "BoatAgent.Environment.CumulativeReward.mean": {
            "value": 18995.790655851364,
            "min": -10457.802230834961,
            "max": 49255.99458312988,
            "count": 154
        },
        "BoatAgent.Environment.CumulativeReward.sum": {
            "value": 37991.58131170273,
            "min": -60475.9569914341,
            "max": 440981.42411470413,
            "count": 154
        },
        "BoatAgent.Policy.ExtrinsicReward.mean": {
            "value": 18995.790655851364,
            "min": -10457.802230834961,
            "max": 49255.99458312988,
            "count": 154
        },
        "BoatAgent.Policy.ExtrinsicReward.sum": {
            "value": 37991.58131170273,
            "min": -60475.9569914341,
            "max": 440981.42411470413,
            "count": 154
        },
        "BoatAgent.Policy.CuriosityReward.mean": {
            "value": 1.0044433400325943,
            "min": 0.142218385823071,
            "max": 118.76271662065992,
            "count": 154
        },
        "BoatAgent.Policy.CuriosityReward.sum": {
            "value": 2.0088866800651886,
            "min": 0.142218385823071,
            "max": 593.8135831032996,
            "count": 154
        },
        "BoatAgent.IsTraining.mean": {
            "value": 1.0,
            "min": 1.0,
            "max": 1.0,
            "count": 202
        },
        "BoatAgent.IsTraining.sum": {
            "value": 1.0,
            "min": 1.0,
            "max": 1.0,
            "count": 202
        }
    },
    "metadata": {
        "timer_format_version": "0.1.0",
        "start_time_seconds": "1698307815",
        "python_version": "3.6.13 |Anaconda, Inc.| (default, Jun  4 2021, 14:25:59) \n[GCC 7.5.0]",
        "command_line_arguments": "/home/joshua/miniconda3/envs/ai_boat/bin/mlagents-learn config/boatAgent.yaml --run-id=headless_19 --num-envs 6 --env=../../Builds/build5.x86_64 --force --no-graphics",
        "mlagents_version": "0.26.0",
        "mlagents_envs_version": "0.26.0",
        "communication_protocol_version": "1.5.0",
        "pytorch_version": "1.8.1+cu102",
        "numpy_version": "1.19.5",
        "end_time_seconds": "1698310248"
    },
    "total": 2433.060663589,
    "count": 1,
    "self": 0.1329737739997654,
    "children": {
        "run_training.setup": {
            "total": 0.03371240200067405,
            "count": 1,
            "self": 0.03371240200067405
        },
        "TrainerController.start_learning": {
            "total": 2432.8939774129994,
            "count": 1,
            "self": 1.554052274008427,
            "children": {
                "TrainerController._reset_env": {
                    "total": 4.143908297000962,
                    "count": 1,
                    "self": 4.143908297000962
                },
                "TrainerController.advance": {
                    "total": 2426.856816340991,
                    "count": 44635,
                    "self": 1.2593875719758216,
                    "children": {
                        "env_step": {
                            "total": 957.6552217060253,
                            "count": 44635,
                            "self": 149.20833146048426,