{
    "name": "root",
    "gauges": {
        "BoatAgent.Policy.Entropy.mean": {
            "value": 0.0017494430067017674,
            "min": 0.0017494430067017674,
            "max": 0.008073591627180576,
            "count": 2
        },
        "BoatAgent.Policy.Entropy.sum": {
            "value": 17.494430541992188,
            "min": 17.494430541992188,
            "max": 81.01042175292969,
            "count": 2
        },
        "BoatAgent.Step.mean": {
            "value": 19994.0,
            "min": 9994.0,
            "max": 19994.0,
            "count": 2
        },
        "BoatAgent.Step.sum": {
            "value": 19994.0,
            "min": 9994.0,
            "max": 19994.0,
            "count": 2
        },
        "BoatAgent.Policy.ExtrinsicValueEstimate.mean": {
            "value": 5.697113990783691,
            "min": 5.697113990783691,
            "max": 9.028807640075684,
            "count": 2
        },
        "BoatAgent.Policy.ExtrinsicValueEstimate.sum": {
            "value": 911.5382080078125,
            "min": 911.5382080078125,
            "max": 1444.6092529296875,
            "count": 2
        },
        "BoatAgent.Policy.CuriosityValueEstimate.mean": {
            "value": 0.8121147155761719,
            "min": -59.299598693847656,
            "max": 0.8121147155761719,
            "count": 2
        },
        "BoatAgent.Policy.CuriosityValueEstimate.sum": {
            "value": 129.9383544921875,
            "min": -9487.935546875,
            "max": 129.9383544921875,
            "count": 2
        },
        "BoatAgent.Environment.EpisodeLength.mean": {
            "value": 999.0,
            "min": 999.0,
            "max": 1002.4,
            "count": 2
        },
        "BoatAgent.Environment.EpisodeLength.sum": {
            "value": 9990.0,
            "min": 9990.0,
            "max": 10024.0,
            "count": 2
        },
        "BoatAgent.Environment.CumulativeReward.mean": {
            "value": 1.2525232178042642,
            "min": 1.2525232178042642,
            "max": 1.2558920500386093,
            "count": 2
        },
        "BoatAgent.Environment.CumulativeReward.sum": {
            "value": 12.525232178042643,
            "min": 11.303028450347483,
            "max": 12.525232178042643,
            "count": 2
        },
        "BoatAgent.Policy.ExtrinsicReward.mean": {
            "value": 1.2525232178042642,
            "min": 1.2525232178042642,
            "max": 1.2558920500386093,
            "count": 2
        },
        "BoatAgent.Policy.ExtrinsicReward.sum": {
            "value": 12.525232178042643,
            "min": 11.303028450347483,
            "max": 12.525232178042643,
            "count": 2
        },
        "BoatAgent.Policy.CuriosityReward.mean": {
            "value": 853.1437876701355,
            "min": 548.1610192192925,
            "max": 853.1437876701355,
            "count": 2
        },
        "BoatAgent.Policy.CuriosityReward.sum": {
            "value": 8531.437876701355,
            "min": 4933.449172973633,
            "max": 8531.437876701355,
            "count": 2
        },
        "BoatAgent.Losses.PolicyLoss.mean": {
            "value": 0.06532907910877839,
            "min": 0.06532907910877839,
            "max": 0.07633567534018464,
            "count": 2
        },
        "BoatAgent.Losses.PolicyLoss.sum": {
            "value": 0.13065815821755677,
            "min": 0.13065815821755677,
            "max": 0.15267135068036927,
            "count": 2
        },
        "BoatAgent.Losses.ValueLoss.mean": {
            "value": 81.73158884048462,
            "min": 81.73158884048462,
            "max": 138.1605302790801,
            "count": 2
        },
        "BoatAgent.Losses.ValueLoss.sum": {
            "value": 163.46317768096924,
            "min": 163.46317768096924,
            "max": 276.3210605581602,
            "count": 2
        },
        "BoatAgent.Policy.LearningRate.mean": {
            "value": 0.0003,
            "min": 0.0003,
            "max": 0.0003,
            "count": 2
        },
        "BoatAgent.Policy.LearningRate.sum": {
            "value": 0.0006,
            "min": 0.0006,
            "max": 0.0006,
            "count": 2
        },
        "BoatAgent.Policy.Epsilon.mean": {
            "value": 0.19999999999999998,
            "min": 0.19999999999999998,
            "max": 0.19999999999999998,
            "count": 2
        },
        "BoatAgent.Policy.Epsilon.sum": {
            "value": 0.39999999999999997,
            "min": 0.39999999999999997,
            "max": 0.39999999999999997,
            "count": 2
        },
        "BoatAgent.Policy.Beta.mean": {
            "value": 0.0005000000000000001,
            "min": 0.0005000000000000001,
            "max": 0.0005000000000000001,
            "count": 2
        },
        "BoatAgent.Policy.Beta.sum": {
            "value": 0.0010000000000000002,
            "min": 0.0010000000000000002,
            "max": 0.0010000000000000002,
            "count": 2
        },
        "BoatAgent.Losses.CuriosityForwardLoss.mean": {
            "value": 171.0219006240368,
            "min": 171.0219006240368,
            "max": 30105.697125951447,
            "count": 2
        },
        "BoatAgent.Losses.CuriosityForwardLoss.sum": {
            "value": 342.0438012480736,
            "min": 342.0438012480736,
            "max": 60211.39425190289,
            "count": 2
        },
        "BoatAgent.Losses.CuriosityInverseLoss.mean": {
            "value": 0.10307106561186571,
            "min": 0.10307106561186571,
            "max": 8.828969249402574,
            "count": 2
        },
        "BoatAgent.Losses.CuriosityInverseLoss.sum": {
            "value": 0.20614213122373143,
            "min": 0.20614213122373143,
            "max": 17.657938498805148,
            "count": 2
        },
        "BoatAgent.IsTraining.mean": {
            "value": 1.0,
            "min": 1.0,
            "max": 1.0,
            "count": 2
        },
        "BoatAgent.IsTraining.sum": {
            "value": 1.0,
            "min": 1.0,
            "max": 1.0,
            "count": 2
        }
    },
    "metadata": {
        "timer_format_version": "0.1.0",
        "start_time_seconds": "1699017186",
        "python_version": "3.6.13 |Anaconda, Inc.| (default, Jun  4 2021, 14:25:59) \n[GCC 7.5.0]",
        "command_line_arguments": "/home/joshua/miniconda3/envs/ai_boat/bin/mlagents-learn config/boatAgent.yaml --run-id=kiteboat_4",
        "mlagents_version": "0.26.0",
        "mlagents_envs_version": "0.26.0",
        "communication_protocol_version": "1.5.0",
        "pytorch_version": "1.8.1+cu102",
        "numpy_version": "1.19.5",
        "end_time_seconds": "1699017323"
    },
    "total": 137.27791199199964,
    "count": 1,
    "self": 0.004656904000512441,
    "children": {
        "run_training.setup": {
            "total": 0.011928257999898051,
            "count": 1,
            "self": 0.011928257999898051
        },
        "TrainerController.start_learning": {
            "total": 137.26132682999923,
            "count": 1,
            "self": 0.3654319651068363,
            "children": {
                "TrainerController._reset_env": {
                    "total": 8.851937667999664,
                    "count": 1,
                    "self": 8.851937667999664
                },
                "TrainerController.advance": {
                    "total": 127.93112808789374,
                    "count": 24884,
                    "self": 0.37195757395056717,
                    "children": {
                        "env_step": {
                            "total": 114.10968751406472,
                            "count": 24884,
                            "self": 71.69400904100075,
                            "children": {
                                "SubprocessEnvManager._take_step": {
                                    "total": 42.19453614894155,