{"count":1,"self":810.7119616,"total":3011.5005469999996,"children":{"InitializeActuators":{"count":1,"self":0.001405,"total":0.001405,"children":null},"InitializeSensors":{"count":1,"self":0.002166,"total":0.002166,"children":null},"AgentSendState":{"count":396551,"self":1.673487,"total":114.637858,"children":{"CollectObservations":{"count":396551,"self":1.5294969999999999,"total":1.5294969999999999,"children":null},"WriteActionMask":{"count":396551,"self":0.27377599999999996,"total":0.27377599999999996,"children":null},"RequestDecision":{"count":396551,"self":1.145255,"total":111.161098,"children":{"AgentInfo.ToProto":{"count":396551,"self":1.771415,"total":110.01584299999999,"children":{"GenerateSensorData":{"count":396551,"self":108.2444288,"total":108.244428,"children":null}}}}}}},"DecideAction":{"count":396551,"self":2056.9901056,"total":2056.9901139999997,"children":null},"AgentAct":{"count":396551,"self":8.4884007999999991,"total":8.488401,"children":null},"AgentInfo.ToProto":{"count":73730,"self":0.28890899999999997,"total":20.66811,"children":{"GenerateSensorData":{"count":73730,"self":20.3792016,"total":20.379201,"children":null}}}},"gauges":{"BoatAgent.CumulativeReward":{"count":73730,"max":92.96989,"min":-0.173511147,"runningAverage":0.03659455,"value":0.005871574,"weightedAverage":0.00634309649}},"metadata":{"timer_format_version":"0.1.0","start_time_seconds":"1699357065","unity_version":"2023.2.0b9","command_line_arguments":"\/home\/joshua\/Unity\/Hub\/Editor\/2023.2.0b9\/Editor\/Unity -projectpath \/home\/joshua\/Documents\/Unity\/ai_kite -useHub -hubIPC -cloudEnvironment production -licensingIpc LicenseClient-joshua -hubSessionId 6dcda5c1-5b30-42a4-b04e-80bf0f1a08e1 -accessToken H6eePrjOUwFJkvd4077f-BguBHvHMLSYJmC4yo4OV18005f","communication_protocol_version":"1.5.0","com.unity.ml-agents_version":"2.0.1","scene_name":"kiteboat_training","end_time_seconds":"1699360077"}}