{"count":1,"self":83.87300479999999,"total":85.966512999999992,"children":{"InitializeActuators":{"count":1,"self":0.0013599999999999999,"total":0.0013599999999999999,"children":null},"InitializeSensors":{"count":1,"self":0.001865,"total":0.001865,"children":null},"AgentSendState":{"count":3705,"self":0.046618,"total":1.9321229999999998,"children":{"CollectObservations":{"count":3705,"self":0.034734999999999995,"total":0.034734999999999995,"children":null},"WriteActionMask":{"count":3705,"self":0.0066749999999999995,"total":0.0066749999999999995,"children":null},"RequestDecision":{"count":3705,"self":1.8440949999999998,"total":1.8440949999999998,"children":null}}},"DecideAction":{"count":3705,"self":0.031411999999999995,"total":0.031411999999999995,"children":null},"AgentAct":{"count":3705,"self":0.126112,"total":0.126112,"children":null}},"gauges":{"BoatAgent.CumulativeReward":{"count":6,"max":35.99411,"min":10.0384417,"runningAverage":14.3645458,"value":10.0388279,"weightedAverage":16.19803}},"metadata":{"timer_format_version":"0.1.0","start_time_seconds":"1699361431","unity_version":"2023.2.0b9","command_line_arguments":"\/home\/joshua\/Unity\/Hub\/Editor\/2023.2.0b9\/Editor\/Unity -projectpath \/home\/joshua\/Documents\/Unity\/ai_kite -useHub -hubIPC -cloudEnvironment production -licensingIpc LicenseClient-joshua -hubSessionId 6dcda5c1-5b30-42a4-b04e-80bf0f1a08e1 -accessToken H6eePrjOUwFJkvd4077f-BguBHvHMLSYJmC4yo4OV18005f","communication_protocol_version":"1.5.0","com.unity.ml-agents_version":"2.0.1","scene_name":"kiteboat_training","end_time_seconds":"1699361517"}}