{
    "name": "root",
    "metadata": {
        "timer_format_version": "0.1.0",
        "start_time_seconds": "1697715648",
        "python_version": "3.6.13 |Anaconda, Inc.| (default, Jun  4 2021, 14:25:59) \n[GCC 7.5.0]",
        "command_line_arguments": "/home/joshua/miniconda3/envs/ai_boat/bin/mlagents-learn config/boatAgent.yaml --run-id=2nd_go_13",
        "mlagents_version": "0.26.0",
        "mlagents_envs_version": "0.26.0",
        "communication_protocol_version": "1.5.0",
        "pytorch_version": "1.8.1+cu102",
        "numpy_version": "1.19.5",
        "end_time_seconds": "1697716048"
    },
    "total": 399.2849066339986,
    "count": 1,
    "self": 0.0055667499982519075,
    "children": {
        "run_training.setup": {
            "total": 0.01279502100078389,
            "count": 1,
            "self": 0.01279502100078389
        },
        "TrainerController.start_learning": {
            "total": 399.2665448629996,
            "count": 1,
            "self": 0.8531456380169402,
            "children": {
                "TrainerController._reset_env": {
                    "total": 10.630445864999274,
                    "count": 1,
                    "self": 10.630445864999274
                },
                "TrainerController.advance": {
                    "total": 387.6747958539818,
                    "count": 58003,
                    "self": 0.8817539097381086,
                    "children": {
                        "env_step": {
                            "total": 354.85481274499034,
                            "count": 58003,
                            "self": 253.3094133833274,
                            "children": {
                                "SubprocessEnvManager._take_step": {
                                    "total": 101.0191806877665,
                                    "count": 58003,
                                    "self": 2.593661270206212,
                                    "children": {
                                        "TorchPolicy.evaluate": {
                                            "total": 98.42551941756028,
                                            "count": 58001,
                                            "self": 30.100765588813374,
                                            "children": {
                                                "TorchPolicy.sample_actions": {
                                                    "total": 68.3247538287469,
                                                    "count": 58001,
                                                    "self": 68.3247538287469
                                                }
                                            }
                                        }
                                    }
                                },
                                "workers": {
                                    "total": 0.5262186738964374,
                                    "count": 58002,
                                    "self": 0.0,
                                    "children": {
                                        "worker_root": {
                                            "total": 390.0676520509005,
                                            "count": 58002,
                                            "is_parallel": true,
                                            "self": 181.01193056789634,
                                            "children": {
                                                "run_training.setup": {
                                                    "total": 0.0,
                                                    "count": 0,
                                                    "is_parallel": true,
                                                    "self": 0.0,
                                                    "children": {
                                                        "steps_from_proto": {
                                                            "total": 0.0008744959995965473,
                                                            "count": 1,
                                                            "is_parallel": true,
                                                            "self": 0.0003983189999416936,
                                                            "children": {
                                                                "_process_rank_one_or_two_observation": {
                                                                    "total": 0.0004761769996548537,
                                                                    "count": 2,
                                                                    "is_parallel": true,
                                                                    "self": 0.0004761769996548537
                                                                }
                                                            }
                                                        },
                                                        "UnityEnvironment.step": {
                                                            "total": 0.017947864000234404,
                                                            "count": 1,
                                                            "is_parallel": true,
                                                            "self": 8.489500032737851e-05,
                                                            "children": {
                                                                "UnityEnvironment._generate_step_input": {
                                                                    "total": 0.00010315899999113753,
                                                                    "count": 1,
                                                                    "is_parallel": true,
                                                                    "self": 0.00010315899999113753
                                                                },
                                                                "communicator.exchange": {
                                                                    "total": 0.017517370999485138,
                                                                    "count": 1,
                                                                    "is_parallel": true,
                                                                    "self": 0.017517370999485138
                                                                },
                                                                "steps_from_proto": {
                                                                    "total": 0.00024243900043074973,
                                                                    "count": 1,
                                                                    "is_parallel": true,
                                                                    "self": 0.00013601700084109325,
                                                                    "children": {
                                                                        "_process_rank_one_or_two_observation": {
                                                                            "total": 0.00010642199958965648,
                                                                            "count": 2,
                                                                            "is_parallel": true,