{
    "name": "root",
    "metadata": {
        "timer_format_version": "0.1.0",
        "start_time_seconds": "1697718814",
        "python_version": "3.6.13 |Anaconda, Inc.| (default, Jun  4 2021, 14:25:59) \n[GCC 7.5.0]",
        "command_line_arguments": "/home/joshua/miniconda3/envs/ai_boat/bin/mlagents-learn config/boatAgent.yaml --run-id=2nd_go_22",
        "mlagents_version": "0.26.0",
        "mlagents_envs_version": "0.26.0",
        "communication_protocol_version": "1.5.0",
        "pytorch_version": "1.8.1+cu102",
        "numpy_version": "1.19.5",
        "end_time_seconds": "1697718863"
    },
    "total": 49.60918505399968,
    "count": 1,
    "self": 0.004260880999936489,
    "children": {
        "run_training.setup": {
            "total": 0.011208334999537328,
            "count": 1,
            "self": 0.011208334999537328
        },
        "TrainerController.start_learning": {
            "total": 49.59371583800021,
            "count": 1,
            "self": 0.018052699029794894,
            "children": {
                "TrainerController._reset_env": {
                    "total": 39.66639038700123,
                    "count": 1,
                    "self": 39.66639038700123
                },
                "TrainerController.advance": {
                    "total": 9.814516585969614,
                    "count": 1334,
                    "self": 0.017836520995842875,
                    "children": {
                        "env_step": {
                            "total": 9.657713335011067,
                            "count": 1334,
                            "self": 7.64156261799144,
                            "children": {
                                "SubprocessEnvManager._take_step": {
                                    "total": 2.0058058270315087,
                                    "count": 1334,
                                    "self": 0.05292237503999786,
                                    "children": {
                                        "TorchPolicy.evaluate": {
                                            "total": 1.9528834519915108,
                                            "count": 1334,
                                            "self": 0.47014342297188705,
                                            "children": {
                                                "TorchPolicy.sample_actions": {
                                                    "total": 1.4827400290196238,
                                                    "count": 1334,
                                                    "self": 1.4827400290196238
                                                }
                                            }
                                        }
                                    }
                                },
                                "workers": {
                                    "total": 0.010344889988118666,
                                    "count": 1333,
                                    "self": 0.0,
                                    "children": {
                                        "worker_root": {
                                            "total": 49.467737851013226,
                                            "count": 1333,
                                            "is_parallel": true,
                                            "self": 42.60161564506234,
                                            "children": {
                                                "run_training.setup": {
                                                    "total": 0.0,
                                                    "count": 0,
                                                    "is_parallel": true,
                                                    "self": 0.0,
                                                    "children": {
                                                        "steps_from_proto": {
                                                            "total": 0.0006767909999325639,
                                                            "count": 1,
                                                            "is_parallel": true,
                                                            "self": 0.0003410560002521379,
                                                            "children": {
                                                                "_process_rank_one_or_two_observation": {
                                                                    "total": 0.00033573499968042597,
                                                                    "count": 2,
                                                                    "is_parallel": true,
                                                                    "self": 0.00033573499968042597
                                                                }
                                                            }
                                                        },
                                                        "UnityEnvironment.step": {
                                                            "total": 0.037276582999766106,
                                                            "count": 1,
                                                            "is_parallel": true,
                                                            "self": 7.821000144758727e-05,
                                                            "children": {
                                                                "UnityEnvironment._generate_step_input": {
                                                                    "total": 9.226299880538136e-05,
                                                                    "count": 1,
                                                                    "is_parallel": true,
                                                                    "self": 9.226299880538136e-05
                                                                },
                                                                "communicator.exchange": {
                                                                    "total": 0.03687591000016255,
                                                                    "count": 1,
                                                                    "is_parallel": true,
                                                                    "self": 0.03687591000016255
                                                                },
                                                                "steps_from_proto": {
                                                                    "total": 0.00023019999935058877,
                                                                    "count": 1,
                                                                    "is_parallel": true,
                                                                    "self": 0.00013454599866236094,
                                                                    "children": {
                                                                        "_process_rank_one_or_two_observation": {
                                                                            "total": 9.565400068822782e-05,
                                                                            "count": 2,
                                                                            "is_parallel": true,