{
    "name": "root",
    "gauges": {
        "BoatAgent.Policy.Entropy.mean": {
            "value": 1.0437616109848022,
            "min": 1.0437616109848022,
            "max": 1.0437616109848022,
            "count": 1
        },
        "BoatAgent.Policy.Entropy.sum": {
            "value": 10440.7470703125,
            "min": 10440.7470703125,
            "max": 10440.7470703125,
            "count": 1
        },
        "BoatAgent.Step.mean": {
            "value": 9939.0,
            "min": 9939.0,
            "max": 9939.0,
            "count": 1
        },
        "BoatAgent.Step.sum": {
            "value": 9939.0,
            "min": 9939.0,
            "max": 9939.0,
            "count": 1
        },
        "BoatAgent.Policy.ExtrinsicValueEstimate.mean": {
            "value": 7.41319465637207,
            "min": 7.41319465637207,
            "max": 7.41319465637207,
            "count": 1
        },
        "BoatAgent.Policy.ExtrinsicValueEstimate.sum": {
            "value": 1163.87158203125,
            "min": 1163.87158203125,
            "max": 1163.87158203125,
            "count": 1
        },
        "BoatAgent.Policy.CuriosityValueEstimate.mean": {
            "value": -27.15006446838379,
            "min": -27.15006446838379,
            "max": -27.15006446838379,
            "count": 1
        },
        "BoatAgent.Policy.CuriosityValueEstimate.sum": {
            "value": -4262.56005859375,
            "min": -4262.56005859375,
            "max": -4262.56005859375,
            "count": 1
        },
        "BoatAgent.Environment.EpisodeLength.mean": {
            "value": 1907.75,
            "min": 1907.75,
            "max": 1907.75,
            "count": 1
        },
        "BoatAgent.Environment.EpisodeLength.sum": {
            "value": 7631.0,
            "min": 7631.0,
            "max": 7631.0,
            "count": 1
        },
        "BoatAgent.Environment.CumulativeReward.mean": {
            "value": -3838.854643512517,
            "min": -3838.854643512517,
            "max": -3838.854643512517,
            "count": 1
        },
        "BoatAgent.Environment.CumulativeReward.sum": {
            "value": -15355.418574050069,
            "min": -15355.418574050069,
            "max": -15355.418574050069,
            "count": 1
        },
        "BoatAgent.Policy.ExtrinsicReward.mean": {
            "value": -3838.854643512517,
            "min": -3838.854643512517,
            "max": -3838.854643512517,
            "count": 1
        },
        "BoatAgent.Policy.ExtrinsicReward.sum": {
            "value": -15355.418574050069,
            "min": -15355.418574050069,
            "max": -15355.418574050069,
            "count": 1
        },
        "BoatAgent.Policy.CuriosityReward.mean": {
            "value": 880.0,
            "min": 880.0,
            "max": 880.0,
            "count": 1
        },
        "BoatAgent.Policy.CuriosityReward.sum": {
            "value": 3520.0,
            "min": 3520.0,
            "max": 3520.0,
            "count": 1
        },
        "BoatAgent.Losses.PolicyLoss.mean": {
            "value": 0.08215786059736274,
            "min": 0.08215786059736274,
            "max": 0.08215786059736274,
            "count": 1
        },
        "BoatAgent.Losses.PolicyLoss.sum": {
            "value": 0.16431572119472548,
            "min": 0.16431572119472548,
            "max": 0.16431572119472548,
            "count": 1
        },
        "BoatAgent.Losses.ValueLoss.mean": {
            "value": 5614.791443188986,
            "min": 5614.791443188986,
            "max": 5614.791443188986,
            "count": 1
        },
        "BoatAgent.Losses.ValueLoss.sum": {
            "value": 11229.582886377972,
            "min": 11229.582886377972,
            "max": 11229.582886377972,
            "count": 1
        },
        "BoatAgent.Policy.LearningRate.mean": {
            "value": 0.0003,
            "min": 0.0003,
            "max": 0.0003,
            "count": 1
        },
        "BoatAgent.Policy.LearningRate.sum": {
            "value": 0.0006,
            "min": 0.0006,
            "max": 0.0006,
            "count": 1
        },
        "BoatAgent.Policy.Epsilon.mean": {
            "value": 0.19999999999999998,
            "min": 0.19999999999999998,
            "max": 0.19999999999999998,
            "count": 1
        },
        "BoatAgent.Policy.Epsilon.sum": {
            "value": 0.39999999999999997,
            "min": 0.39999999999999997,
            "max": 0.39999999999999997,
            "count": 1
        },
        "BoatAgent.Policy.Beta.mean": {
            "value": 0.0005000000000000001,
            "min": 0.0005000000000000001,
            "max": 0.0005000000000000001,
            "count": 1
        },
        "BoatAgent.Policy.Beta.sum": {
            "value": 0.0010000000000000002,
            "min": 0.0010000000000000002,
            "max": 0.0010000000000000002,
            "count": 1
        },
        "BoatAgent.Losses.CuriosityForwardLoss.mean": {
            "value": 75002.69676478703,
            "min": 75002.69676478703,
            "max": 75002.69676478703,
            "count": 1
        },
        "BoatAgent.Losses.CuriosityForwardLoss.sum": {
            "value": 150005.39352957407,
            "min": 150005.39352957407,
            "max": 150005.39352957407,
            "count": 1
        },
        "BoatAgent.Losses.CuriosityInverseLoss.mean": {
            "value": 2.6301838237171373,
            "min": 2.6301838237171373,
            "max": 2.6301838237171373,
            "count": 1
        },
        "BoatAgent.Losses.CuriosityInverseLoss.sum": {
            "value": 5.260367647434275,
            "min": 5.260367647434275,
            "max": 5.260367647434275,
            "count": 1
        },
        "BoatAgent.IsTraining.mean": {
            "value": 1.0,
            "min": 1.0,
            "max": 1.0,
            "count": 1
        },
        "BoatAgent.IsTraining.sum": {
            "value": 1.0,
            "min": 1.0,
            "max": 1.0,
            "count": 1
        }
    },
    "metadata": {
        "timer_format_version": "0.1.0",
        "start_time_seconds": "1697724056",
        "python_version": "3.6.13 |Anaconda, Inc.| (default, Jun  4 2021, 14:25:59) \n[GCC 7.5.0]",
        "command_line_arguments": "/home/joshua/miniconda3/envs/ai_boat/bin/mlagents-learn config/boatAgent.yaml --run-id=2nd_go_32",
        "mlagents_version": "0.26.0",
        "mlagents_envs_version": "0.26.0",
        "communication_protocol_version": "1.5.0",
        "pytorch_version": "1.8.1+cu102",
        "numpy_version": "1.19.5",
        "end_time_seconds": "1697724205"
    },
    "total": 149.42051819300104,
    "count": 1,
    "self": 0.004393514998810133,
    "children": {
        "run_training.setup": {
            "total": 0.010603545000776649,
            "count": 1,
            "self": 0.010603545000776649
        },
        "TrainerController.start_learning": {
            "total": 149.40552113300146,
            "count": 1,
            "self": 0.2763975565394503,
            "children": {
                "TrainerController._reset_env": {
                    "total": 17.64496059299927,
                    "count": 1,
                    "self": 17.64496059299927
                },
                "TrainerController.advance": {
                    "total": 131.37370486446162,
                    "count": 19384,
                    "self": 0.2769783555122558,
                    "children": {
                        "env_step": {
                            "total": 121.79361449689168,
                            "count": 19384,
                            "self": 89.19125340610844,
                            "children": {
                                "SubprocessEnvManager._take_step": {
                                    "total": 32.43273818199668,
                                    "count": 19384,