{
    "name": "root",
    "metadata": {
        "timer_format_version": "0.1.0",
        "start_time_seconds": "1697718874",
        "python_version": "3.6.13 |Anaconda, Inc.| (default, Jun  4 2021, 14:25:59) \n[GCC 7.5.0]",
        "command_line_arguments": "/home/joshua/miniconda3/envs/ai_boat/bin/mlagents-learn config/boatAgent.yaml --run-id=2nd_go_23",
        "mlagents_version": "0.26.0",
        "mlagents_envs_version": "0.26.0",
        "communication_protocol_version": "1.5.0",
        "pytorch_version": "1.8.1+cu102",
        "numpy_version": "1.19.5",
        "end_time_seconds": "1697718998"
    },
    "total": 124.16019067700108,
    "count": 1,
    "self": 0.005274521001410903,
    "children": {
        "run_training.setup": {
            "total": 0.009621548999348306,
            "count": 1,
            "self": 0.009621548999348306
        },
        "TrainerController.start_learning": {
            "total": 124.14529460700032,
            "count": 1,
            "self": 0.24513784207556455,
            "children": {
                "TrainerController._reset_env": {
                    "total": 13.47708774199964,
                    "count": 1,
                    "self": 13.47708774199964
                },
                "TrainerController.advance": {
                    "total": 110.30726889592552,
                    "count": 16651,
                    "self": 0.25756521896255435,
                    "children": {
                        "env_step": {
                            "total": 101.18262143602806,
                            "count": 16651,
                            "self": 72.73091733789806,
                            "children": {
                                "SubprocessEnvManager._take_step": {
                                    "total": 28.30755978707748,
                                    "count": 16651,
                                    "self": 0.6980204250321549,
                                    "children": {
                                        "TorchPolicy.evaluate": {
                                            "total": 27.609539362045325,
                                            "count": 16651,
                                            "self": 6.722786887057737,
                                            "children": {
                                                "TorchPolicy.sample_actions": {
                                                    "total": 20.88675247498759,
                                                    "count": 16651,
                                                    "self": 20.88675247498759
                                                }
                                            }
                                        }
                                    }
                                },
                                "workers": {
                                    "total": 0.14414431105251424,
                                    "count": 16650,
                                    "self": 0.0,
                                    "children": {
                                        "worker_root": {
                                            "total": 123.61545747999298,
                                            "count": 16650,
                                            "is_parallel": true,
                                            "self": 61.228799768960016,
                                            "children": {
                                                "run_training.setup": {
                                                    "total": 0.0,
                                                    "count": 0,
                                                    "is_parallel": true,
                                                    "self": 0.0,
                                                    "children": {
                                                        "steps_from_proto": {
                                                            "total": 0.0005510650007636286,
                                                            "count": 1,
                                                            "is_parallel": true,
                                                            "self": 0.00026697400062403176,
                                                            "children": {
                                                                "_process_rank_one_or_two_observation": {
                                                                    "total": 0.00028409100013959687,
                                                                    "count": 2,
                                                                    "is_parallel": true,
                                                                    "self": 0.00028409100013959687
                                                                }
                                                            }
                                                        },
                                                        "UnityEnvironment.step": {
                                                            "total": 0.022227897999982815,
                                                            "count": 1,
                                                            "is_parallel": true,
                                                            "self": 7.298399941646494e-05,
                                                            "children": {
                                                                "UnityEnvironment._generate_step_input": {
                                                                    "total": 8.593299935455434e-05,
                                                                    "count": 1,
                                                                    "is_parallel": true,
                                                                    "self": 8.593299935455434e-05
                                                                },
                                                                "communicator.exchange": {
                                                                    "total": 0.021841138001036597,
                                                                    "count": 1,
                                                                    "is_parallel": true,
                                                                    "self": 0.021841138001036597
                                                                },
                                                                "steps_from_proto": {
                                                                    "total": 0.00022784300017519854,
                                                                    "count": 1,
                                                                    "is_parallel": true,
                                                                    "self": 0.00013789100012218114,
                                                                    "children": {
                                                                        "_process_rank_one_or_two_observation": {
                                                                            "total": 8.99520000530174e-05,
                                                                            "count": 2,
                                                                            "is_parallel": true,