{
    "name": "root",
    "metadata": {
        "timer_format_version": "0.1.0",
        "start_time_seconds": "1697760284",
        "python_version": "3.6.13 |Anaconda, Inc.| (default, Jun  4 2021, 14:25:59) \n[GCC 7.5.0]",
        "command_line_arguments": "/home/joshua/miniconda3/envs/ai_boat/bin/mlagents-learn config/boatAgent.yaml --run-id=headless_6",
        "mlagents_version": "0.26.0",
        "mlagents_envs_version": "0.26.0",
        "communication_protocol_version": "1.5.0",
        "pytorch_version": "1.8.1+cu102",
        "numpy_version": "1.19.5",
        "end_time_seconds": "1697760312"
    },
    "total": 28.132649826002307,
    "count": 1,
    "self": 0.004438595999090467,
    "children": {
        "run_training.setup": {
            "total": 0.010137664998183027,
            "count": 1,
            "self": 0.010137664998183027
        },
        "TrainerController.start_learning": {
            "total": 28.118073565005034,
            "count": 1,
            "self": 0.013091340100800153,
            "children": {
                "TrainerController._reset_env": {
                    "total": 18.64776219900523,
                    "count": 1,
                    "self": 18.64776219900523
                },
                "TrainerController.advance": {
                    "total": 9.21203972690273,
                    "count": 834,
                    "self": 0.012653091966058128,
                    "children": {
                        "env_step": {
                            "total": 9.100792437937343,
                            "count": 834,
                            "self": 6.475526079950214,
                            "children": {
                                "SubprocessEnvManager._take_step": {
                                    "total": 2.617916049945052,
                                    "count": 834,
                                    "self": 0.036618745849409606,
                                    "children": {
                                        "TorchPolicy.evaluate": {
                                            "total": 2.581297304095642,
                                            "count": 834,
                                            "self": 0.36283970600925386,
                                            "children": {
                                                "TorchPolicy.sample_actions": {
                                                    "total": 2.2184575980863883,
                                                    "count": 834,
                                                    "self": 2.2184575980863883
                                                }
                                            }
                                        }
                                    }
                                },
                                "workers": {
                                    "total": 0.007350308042077813,
                                    "count": 833,
                                    "self": 0.0,
                                    "children": {
                                        "worker_root": {
                                            "total": 27.82588864283025,
                                            "count": 833,
                                            "is_parallel": true,
                                            "self": 21.9461914087442,
                                            "children": {
                                                "run_training.setup": {
                                                    "total": 0.0,
                                                    "count": 0,
                                                    "is_parallel": true,
                                                    "self": 0.0,
                                                    "children": {
                                                        "steps_from_proto": {
                                                            "total": 0.0005277000018395483,
                                                            "count": 1,
                                                            "is_parallel": true,
                                                            "self": 0.00026351700216764584,
                                                            "children": {
                                                                "_process_rank_one_or_two_observation": {
                                                                    "total": 0.0002641829996719025,
                                                                    "count": 2,
                                                                    "is_parallel": true,
                                                                    "self": 0.0002641829996719025
                                                                }
                                                            }
                                                        },
                                                        "UnityEnvironment.step": {
                                                            "total": 0.019036888996197376,
                                                            "count": 1,
                                                            "is_parallel": true,
                                                            "self": 7.354499393841252e-05,
                                                            "children": {
                                                                "UnityEnvironment._generate_step_input": {
                                                                    "total": 9.987299563363194e-05,
                                                                    "count": 1,
                                                                    "is_parallel": true,
                                                                    "self": 9.987299563363194e-05
                                                                },
                                                                "communicator.exchange": {
                                                                    "total": 0.018543390004197136,
                                                                    "count": 1,
                                                                    "is_parallel": true,
                                                                    "self": 0.018543390004197136
                                                                },
                                                                "steps_from_proto": {
                                                                    "total": 0.00032008100242819637,
                                                                    "count": 1,
                                                                    "is_parallel": true,
                                                                    "self": 0.0001487400004407391,
                                                                    "children": {
                                                                        "_process_rank_one_or_two_observation": {
                                                                            "total": 0.00017134100198745728,
                                                                            "count": 2,
                                                                            "is_parallel": true,