{
    "name": "root",
    "gauges": {
        "BoatAgent.Policy.Entropy.mean": {
            "value": 2.762280225753784,
            "min": 2.1555540561676025,
            "max": 4.078027725219727,
            "count": 50
        },
        "BoatAgent.Policy.Entropy.sum": {
            "value": 27636.61328125,
            "min": 21508.119140625,
            "max": 40890.3828125,
            "count": 50
        },
        "BoatAgent.Environment.EpisodeLength.mean": {
            "value": 1238.6666666666667,
            "min": 57.95266272189349,
            "max": 2580.25,
            "count": 50
        },
        "BoatAgent.Environment.EpisodeLength.sum": {
            "value": 11148.0,
            "min": 7186.0,
            "max": 13591.0,
            "count": 50
        },
        "BoatAgent.Step.mean": {
            "value": 499997.0,
            "min": 9963.0,
            "max": 499997.0,
            "count": 50
        },
        "BoatAgent.Step.sum": {
            "value": 499997.0,
            "min": 9963.0,
            "max": 499997.0,
            "count": 50
        },
        "BoatAgent.Policy.ExtrinsicValueEstimate.mean": {
            "value": 1.4876585006713867,
            "min": -64.29683685302734,
            "max": 3.7225983142852783,
            "count": 50
        },
        "BoatAgent.Policy.ExtrinsicValueEstimate.sum": {
            "value": 241.00067138671875,
            "min": -12409.2890625,
            "max": 599.3383178710938,
            "count": 50
        },
        "BoatAgent.Policy.CuriosityValueEstimate.mean": {
            "value": 0.308756947517395,
            "min": -6.815928936004639,
            "max": 4.809323310852051,
            "count": 50
        },
        "BoatAgent.Policy.CuriosityValueEstimate.sum": {
            "value": 50.01862716674805,
            "min": -1083.732666015625,
            "max": 886.465576171875,
            "count": 50
        },
        "BoatAgent.Environment.CumulativeReward.mean": {
            "value": 31.588909255133736,
            "min": -94.20473370185265,
            "max": 158.02502250671387,
            "count": 50
        },
        "BoatAgent.Environment.CumulativeReward.sum": {
            "value": 284.3001832962036,
            "min": -15920.599995613098,
            "max": 657.4001340866089,
            "count": 50
        },
        "BoatAgent.Policy.ExtrinsicReward.mean": {
            "value": 31.588909255133736,
            "min": -94.20473370185265,
            "max": 158.02502250671387,
            "count": 50
        },
        "BoatAgent.Policy.ExtrinsicReward.sum": {
            "value": 284.3001832962036,
            "min": -15920.599995613098,
            "max": 657.4001340866089,
            "count": 50
        },
        "BoatAgent.Policy.CuriosityReward.mean": {
            "value": 3.007442199987256,
            "min": 0.961926093194307,
            "max": 148.2309290294846,
            "count": 50
        },
        "BoatAgent.Policy.CuriosityReward.sum": {
            "value": 27.066979799885303,
            "min": 20.920074127614498,
            "max": 889.3855741769075,
            "count": 50
        },
        "BoatAgent.Losses.PolicyLoss.mean": {
            "value": 0.06455327739543766,
            "min": 0.05963261219949345,
            "max": 0.07810888731728483,
            "count": 50
        },
        "BoatAgent.Losses.PolicyLoss.sum": {
            "value": 0.193659832186313,
            "min": 0.1192652243989869,
            "max": 0.21410391571923054,
            "count": 50
        },
        "BoatAgent.Losses.ValueLoss.mean": {
            "value": 21.273648122118576,
            "min": 8.59843900303046,
            "max": 257.2606252994802,
            "count": 50
        },
        "BoatAgent.Losses.ValueLoss.sum": {
            "value": 63.82094436635573,
            "min": 17.19687800606092,
            "max": 771.7818758984406,
            "count": 50
        },
        "BoatAgent.Policy.LearningRate.mean": {
            "value": 0.0003,
            "min": 0.0003,
            "max": 0.0003,
            "count": 50
        },
        "BoatAgent.Policy.LearningRate.sum": {
            "value": 0.0009,
            "min": 0.0006,
            "max": 0.0009,
            "count": 50
        },
        "BoatAgent.Policy.Epsilon.mean": {
            "value": 0.19999999999999998,
            "min": 0.19999999999999998,
            "max": 0.19999999999999998,
            "count": 50
        },
        "BoatAgent.Policy.Epsilon.sum": {
            "value": 0.6,
            "min": 0.39999999999999997,
            "max": 0.6,
            "count": 50
        },
        "BoatAgent.Policy.Beta.mean": {
            "value": 0.0005000000000000001,
            "min": 0.0005000000000000001,
            "max": 0.0005000000000000001,
            "count": 50
        },
        "BoatAgent.Policy.Beta.sum": {
            "value": 0.0015000000000000005,
            "min": 0.0010000000000000002,
            "max": 0.0015000000000000005,
            "count": 50
        },
        "BoatAgent.Losses.CuriosityForwardLoss.mean": {
            "value": 0.06167428758797339,
            "min": 0.0558313469389557,
            "max": 10.456303262462217,
            "count": 50
        },
        "BoatAgent.Losses.CuriosityForwardLoss.sum": {
            "value": 0.1850228627639202,
            "min": 0.11974553969533494,
            "max": 20.912606524924435,
            "count": 50
        },
        "BoatAgent.Losses.CuriosityInverseLoss.mean": {
            "value": 2.185196938200129,
            "min": 1.7981182891461585,
            "max": 4.160283416509628,
            "count": 50
        },
        "BoatAgent.Losses.CuriosityInverseLoss.sum": {
            "value": 6.555590814600388,
            "min": 3.6744326626261072,
            "max": 10.094625341395536,
            "count": 50
        },
        "BoatAgent.IsTraining.mean": {
            "value": 1.0,
            "min": 1.0,
            "max": 1.0,
            "count": 50
        },
        "BoatAgent.IsTraining.sum": {
            "value": 1.0,
            "min": 1.0,
            "max": 1.0,
            "count": 50
        }
    },
    "metadata": {
        "timer_format_version": "0.1.0",
        "start_time_seconds": "1698745877",
        "python_version": "3.6.13 |Anaconda, Inc.| (default, Jun  4 2021, 14:25:59) \n[GCC 7.5.0]",
        "command_line_arguments": "/home/joshua/miniconda3/envs/ai_boat/bin/mlagents-learn config/boatAgent.yaml --run-id=simpleLoop_8",
        "mlagents_version": "0.26.0",
        "mlagents_envs_version": "0.26.0",
        "communication_protocol_version": "1.5.0",
        "pytorch_version": "1.8.1+cu102",
        "numpy_version": "1.19.5",
        "end_time_seconds": "1698749719"
    },
    "total": 3841.9595864899893,
    "count": 1,
    "self": 0.005525326982024126,
    "children": {
        "run_training.setup": {
            "total": 0.011698217000230215,
            "count": 1,
            "self": 0.011698217000230215
        },
        "TrainerController.start_learning": {
            "total": 3841.942362946007,
            "count": 1,
            "self": 8.301963923717267,
            "children": {
                "TrainerController._reset_env": {
                    "total": 9.292909428011626,
                    "count": 1,
                    "self": 9.292909428011626
                },
                "TrainerController.advance": {
                    "total": 3824.161174003282,
                    "count": 500061,
                    "self": 8.219337172922678,
                    "children": {
                        "env_step": {
                            "total": 3474.730978359017,
                            "count": 500061,
                            "self": 1791.6838249717111,
                            "children": {
                                "SubprocessEnvManager._take_step": {
                                    "total": 1677.8326022587135,