{
    "name": "root",
    "gauges": {
        "BoatAgent.Policy.Entropy.mean": {
            "value": 4.143153190612793,
            "min": 4.143153190612793,
            "max": 4.143153190612793,
            "count": 1
        },
        "BoatAgent.Policy.Entropy.sum": {
            "value": 41501.96484375,
            "min": 41501.96484375,
            "max": 41501.96484375,
            "count": 1
        },
        "BoatAgent.Step.mean": {
            "value": 9967.0,
            "min": 9967.0,
            "max": 9967.0,
            "count": 1
        },
        "BoatAgent.Step.sum": {
            "value": 9967.0,
            "min": 9967.0,
            "max": 9967.0,
            "count": 1
        },
        "BoatAgent.Policy.ExtrinsicValueEstimate.mean": {
            "value": -36.86205291748047,
            "min": -36.86205291748047,
            "max": -36.86205291748047,
            "count": 1
        },
        "BoatAgent.Policy.ExtrinsicValueEstimate.sum": {
            "value": -7372.41064453125,
            "min": -7372.41064453125,
            "max": -7372.41064453125,
            "count": 1
        },
        "BoatAgent.Policy.CuriosityValueEstimate.mean": {
            "value": 0.5187975764274597,
            "min": 0.5187975764274597,
            "max": 0.5187975764274597,
            "count": 1
        },
        "BoatAgent.Policy.CuriosityValueEstimate.sum": {
            "value": 103.75951385498047,
            "min": 103.75951385498047,
            "max": 103.75951385498047,
            "count": 1
        },
        "BoatAgent.Environment.EpisodeLength.mean": {
            "value": 49.085,
            "min": 49.085,
            "max": 49.085,
            "count": 1
        },
        "BoatAgent.Environment.EpisodeLength.sum": {
            "value": 9817.0,
            "min": 9817.0,
            "max": 9817.0,
            "count": 1
        },
        "BoatAgent.Environment.CumulativeReward.mean": {
            "value": -100.0,
            "min": -100.0,
            "max": -100.0,
            "count": 1
        },
        "BoatAgent.Environment.CumulativeReward.sum": {
            "value": -19900.0,
            "min": -19900.0,
            "max": -19900.0,
            "count": 1
        },
        "BoatAgent.Policy.ExtrinsicReward.mean": {
            "value": -100.0,
            "min": -100.0,
            "max": -100.0,
            "count": 1
        },
        "BoatAgent.Policy.ExtrinsicReward.sum": {
            "value": -19900.0,
            "min": -19900.0,
            "max": -19900.0,
            "count": 1
        },
        "BoatAgent.Policy.CuriosityReward.mean": {
            "value": 2.8729321866778275,
            "min": 2.8729321866778275,
            "max": 2.8729321866778275,
            "count": 1
        },
        "BoatAgent.Policy.CuriosityReward.sum": {
            "value": 571.7135051488876,
            "min": 571.7135051488876,
            "max": 571.7135051488876,
            "count": 1
        },
        "BoatAgent.Losses.PolicyLoss.mean": {
            "value": 0.06833707857769393,
            "min": 0.06833707857769393,
            "max": 0.06833707857769393,
            "count": 1
        },
        "BoatAgent.Losses.PolicyLoss.sum": {
            "value": 0.13667415715538786,
            "min": 0.13667415715538786,
            "max": 0.13667415715538786,
            "count": 1
        },
        "BoatAgent.Losses.ValueLoss.mean": {
            "value": 242.31573855876923,
            "min": 242.31573855876923,
            "max": 242.31573855876923,
            "count": 1
        },
        "BoatAgent.Losses.ValueLoss.sum": {
            "value": 484.63147711753845,
            "min": 484.63147711753845,
            "max": 484.63147711753845,
            "count": 1
        },
        "BoatAgent.Policy.LearningRate.mean": {
            "value": 0.0003,
            "min": 0.0003,
            "max": 0.0003,
            "count": 1
        },
        "BoatAgent.Policy.LearningRate.sum": {
            "value": 0.0006,
            "min": 0.0006,
            "max": 0.0006,
            "count": 1
        },
        "BoatAgent.Policy.Epsilon.mean": {
            "value": 0.19999999999999998,
            "min": 0.19999999999999998,
            "max": 0.19999999999999998,
            "count": 1
        },
        "BoatAgent.Policy.Epsilon.sum": {
            "value": 0.39999999999999997,
            "min": 0.39999999999999997,
            "max": 0.39999999999999997,
            "count": 1
        },
        "BoatAgent.Policy.Beta.mean": {
            "value": 0.0005000000000000001,
            "min": 0.0005000000000000001,
            "max": 0.0005000000000000001,
            "count": 1
        },
        "BoatAgent.Policy.Beta.sum": {
            "value": 0.0010000000000000002,
            "min": 0.0010000000000000002,
            "max": 0.0010000000000000002,
            "count": 1
        },
        "BoatAgent.Losses.CuriosityForwardLoss.mean": {
            "value": 4.782875029059748,
            "min": 4.782875029059748,
            "max": 4.782875029059748,
            "count": 1
        },
        "BoatAgent.Losses.CuriosityForwardLoss.sum": {
            "value": 9.565750058119496,
            "min": 9.565750058119496,
            "max": 9.565750058119496,
            "count": 1
        },
        "BoatAgent.Losses.CuriosityInverseLoss.mean": {
            "value": 4.1640026693542795,
            "min": 4.1640026693542795,
            "max": 4.1640026693542795,
            "count": 1
        },
        "BoatAgent.Losses.CuriosityInverseLoss.sum": {
            "value": 8.328005338708559,
            "min": 8.328005338708559,
            "max": 8.328005338708559,
            "count": 1
        },
        "BoatAgent.IsTraining.mean": {
            "value": 1.0,
            "min": 1.0,
            "max": 1.0,
            "count": 1
        },
        "BoatAgent.IsTraining.sum": {
            "value": 1.0,
            "min": 1.0,
            "max": 1.0,
            "count": 1
        }
    },
    "metadata": {
        "timer_format_version": "0.1.0",
        "start_time_seconds": "1698315863",
        "python_version": "3.6.13 |Anaconda, Inc.| (default, Jun  4 2021, 14:25:59) \n[GCC 7.5.0]",
        "command_line_arguments": "/home/joshua/miniconda3/envs/ai_boat/bin/mlagents-learn config/boatAgent.yaml --run-id=simpleLoop_3",
        "mlagents_version": "0.26.0",
        "mlagents_envs_version": "0.26.0",
        "communication_protocol_version": "1.5.0",
        "pytorch_version": "1.8.1+cu102",
        "numpy_version": "1.19.5",
        "end_time_seconds": "1698315966"
    },
    "total": 103.59072808999917,
    "count": 1,
    "self": 0.0046163240003807005,
    "children": {
        "run_training.setup": {
            "total": 0.010984832999383798,
            "count": 1,
            "self": 0.010984832999383798
        },
        "TrainerController.start_learning": {
            "total": 103.57512693299941,
            "count": 1,
            "self": 0.18705752396272146,
            "children": {
                "TrainerController._reset_env": {
                    "total": 12.756940786999621,
                    "count": 1,
                    "self": 12.756940786999621
                },
                "TrainerController.advance": {
                    "total": 90.41188207503728,
                    "count": 11451,
                    "self": 0.2029902548492828,
                    "children": {
                        "env_step": {
                            "total": 84.0923075729188,
                            "count": 11451,
                            "self": 46.69235908573319,
                            "children": {
                                "SubprocessEnvManager._take_step": {
                                    "total": 37.28754720719371,
                                    "count": 11451,
                                    "self": 0.5565906071860809,