{
    "name": "root",
    "metadata": {
        "timer_format_version": "0.1.0",
        "start_time_seconds": "1699023795",
        "python_version": "3.6.13 |Anaconda, Inc.| (default, Jun  4 2021, 14:25:59) \n[GCC 7.5.0]",
        "command_line_arguments": "/home/joshua/miniconda3/envs/ai_boat/bin/mlagents-learn config/boatAgent.yaml --run-id=kiteboat_15",
        "mlagents_version": "0.26.0",
        "mlagents_envs_version": "0.26.0",
        "communication_protocol_version": "1.5.0",
        "pytorch_version": "1.8.1+cu102",
        "numpy_version": "1.19.5",
        "end_time_seconds": "1699023860"
    },
    "total": 65.466926608,
    "count": 1,
    "self": 0.004680867998104077,
    "children": {
        "run_training.setup": {
            "total": 0.012965969001015765,
            "count": 1,
            "self": 0.012965969001015765
        },
        "TrainerController.start_learning": {
            "total": 65.44927977100087,
            "count": 1,
            "self": 0.11240538487436424,
            "children": {
                "TrainerController._reset_env": {
                    "total": 23.31165353400138,
                    "count": 1,
                    "self": 23.31165353400138
                },
                "TrainerController.advance": {
                    "total": 41.90489414212425,
                    "count": 7395,
                    "self": 0.11080310708894103,
                    "children": {
                        "env_step": {
                            "total": 39.27483754000059,
                            "count": 7395,
                            "self": 26.80543909509106,
                            "children": {
                                "SubprocessEnvManager._take_step": {
                                    "total": 12.402005865906176,
                                    "count": 7395,
                                    "self": 0.3261817299062386,
                                    "children": {
                                        "TorchPolicy.evaluate": {
                                            "total": 12.075824135999937,
                                            "count": 7389,
                                            "self": 2.7064490639822907,
                                            "children": {
                                                "TorchPolicy.sample_actions": {
                                                    "total": 9.369375072017647,
                                                    "count": 7389,
                                                    "self": 9.369375072017647
                                                }
                                            }
                                        }
                                    }
                                },
                                "workers": {
                                    "total": 0.0673925790033536,
                                    "count": 7394,
                                    "self": 0.0,
                                    "children": {
                                        "worker_root": {
                                            "total": 65.15909231504338,
                                            "count": 7394,
                                            "is_parallel": true,
                                            "self": 42.877413434076516,
                                            "children": {
                                                "run_training.setup": {
                                                    "total": 0.0,
                                                    "count": 0,
                                                    "is_parallel": true,
                                                    "self": 0.0,
                                                    "children": {
                                                        "steps_from_proto": {
                                                            "total": 0.0006069230003049597,
                                                            "count": 1,
                                                            "is_parallel": true,
                                                            "self": 0.0002895840007113293,
                                                            "children": {
                                                                "_process_rank_one_or_two_observation": {
                                                                    "total": 0.00031733899959363043,
                                                                    "count": 2,
                                                                    "is_parallel": true,
                                                                    "self": 0.00031733899959363043
                                                                }
                                                            }
                                                        },
                                                        "UnityEnvironment.step": {
                                                            "total": 0.013477451000653673,
                                                            "count": 1,
                                                            "is_parallel": true,
                                                            "self": 8.30409990157932e-05,
                                                            "children": {
                                                                "UnityEnvironment._generate_step_input": {
                                                                    "total": 9.696000051917508e-05,
                                                                    "count": 1,
                                                                    "is_parallel": true,
                                                                    "self": 9.696000051917508e-05
                                                                },
                                                                "communicator.exchange": {
                                                                    "total": 0.012999712000237196,
                                                                    "count": 1,
                                                                    "is_parallel": true,
                                                                    "self": 0.012999712000237196
                                                                },
                                                                "steps_from_proto": {
                                                                    "total": 0.0002977380008815089,
                                                                    "count": 1,
                                                                    "is_parallel": true,
                                                                    "self": 0.0001569419982843101,
                                                                    "children": {
                                                                        "_process_rank_one_or_two_observation": {
                                                                            "total": 0.00014079600259719882,
                                                                            "count": 2,
                                                                            "is_parallel": true,