{
    "name": "root",
    "metadata": {
        "timer_format_version": "0.1.0",
        "start_time_seconds": "1697714758",
        "python_version": "3.6.13 |Anaconda, Inc.| (default, Jun  4 2021, 14:25:59) \n[GCC 7.5.0]",
        "command_line_arguments": "/home/joshua/miniconda3/envs/ai_boat/bin/mlagents-learn config/boatAgent.yaml --run-id=2nd_go_9",
        "mlagents_version": "0.26.0",
        "mlagents_envs_version": "0.26.0",
        "communication_protocol_version": "1.5.0",
        "pytorch_version": "1.8.1+cu102",
        "numpy_version": "1.19.5",
        "end_time_seconds": "1697714796"
    },
    "total": 38.518579393001346,
    "count": 1,
    "self": 0.004508500000156346,
    "children": {
        "run_training.setup": {
            "total": 0.009641508000640897,
            "count": 1,
            "self": 0.009641508000640897
        },
        "TrainerController.start_learning": {
            "total": 38.50442938500055,
            "count": 1,
            "self": 0.053943898958095815,
            "children": {
                "TrainerController._reset_env": {
                    "total": 11.542280288000256,
                    "count": 1,
                    "self": 11.542280288000256
                },
                "TrainerController.advance": {
                    "total": 26.81460943804086,
                    "count": 3767,
                    "self": 0.05659200096852146,
                    "children": {
                        "env_step": {
                            "total": 26.3924449040951,
                            "count": 3767,
                            "self": 20.018707780063778,
                            "children": {
                                "SubprocessEnvManager._take_step": {
                                    "total": 6.341549817045234,
                                    "count": 3767,
                                    "self": 0.16272885113903612,
                                    "children": {
                                        "TorchPolicy.evaluate": {
                                            "total": 6.178820965906198,
                                            "count": 3767,
                                            "self": 1.79967787300302,
                                            "children": {
                                                "TorchPolicy.sample_actions": {
                                                    "total": 4.379143092903178,
                                                    "count": 3767,
                                                    "self": 4.379143092903178
                                                }
                                            }
                                        }
                                    }
                                },
                                "workers": {
                                    "total": 0.032187306986088515,
                                    "count": 3766,
                                    "self": 0.0,
                                    "children": {
                                        "worker_root": {
                                            "total": 38.310191574988494,
                                            "count": 3766,
                                            "is_parallel": true,
                                            "self": 20.62938677301645,
                                            "children": {
                                                "run_training.setup": {
                                                    "total": 0.0,
                                                    "count": 0,
                                                    "is_parallel": true,
                                                    "self": 0.0,
                                                    "children": {
                                                        "steps_from_proto": {
                                                            "total": 0.0009106590005103499,
                                                            "count": 1,
                                                            "is_parallel": true,
                                                            "self": 0.00043381100113037974,
                                                            "children": {
                                                                "_process_rank_one_or_two_observation": {
                                                                    "total": 0.00047684799937997013,
                                                                    "count": 2,
                                                                    "is_parallel": true,
                                                                    "self": 0.00047684799937997013
                                                                }
                                                            }
                                                        },
                                                        "UnityEnvironment.step": {
                                                            "total": 0.017654511999353417,
                                                            "count": 1,
                                                            "is_parallel": true,
                                                            "self": 6.669699723715894e-05,
                                                            "children": {
                                                                "UnityEnvironment._generate_step_input": {
                                                                    "total": 8.603400056017563e-05,
                                                                    "count": 1,
                                                                    "is_parallel": true,
                                                                    "self": 8.603400056017563e-05
                                                                },
                                                                "communicator.exchange": {
                                                                    "total": 0.0172469210010604,
                                                                    "count": 1,
                                                                    "is_parallel": true,
                                                                    "self": 0.0172469210010604
                                                                },
                                                                "steps_from_proto": {
                                                                    "total": 0.00025486000049568247,
                                                                    "count": 1,
                                                                    "is_parallel": true,
                                                                    "self": 0.0001402020006935345,
                                                                    "children": {
                                                                        "_process_rank_one_or_two_observation": {
                                                                            "total": 0.00011465799980214797,
                                                                            "count": 2,
                                                                            "is_parallel": true,