{
    "name": "root",
    "metadata": {
        "timer_format_version": "0.1.0",
        "start_time_seconds": "1697714475",
        "python_version": "3.6.13 |Anaconda, Inc.| (default, Jun  4 2021, 14:25:59) \n[GCC 7.5.0]",
        "command_line_arguments": "/home/joshua/miniconda3/envs/ai_boat/bin/mlagents-learn config/boatAgent.yaml --run-id=2nd_go_7",
        "mlagents_version": "0.26.0",
        "mlagents_envs_version": "0.26.0",
        "communication_protocol_version": "1.5.0",
        "pytorch_version": "1.8.1+cu102",
        "numpy_version": "1.19.5",
        "end_time_seconds": "1697714547"
    },
    "total": 72.28925028400045,
    "count": 1,
    "self": 0.005458066001665429,
    "children": {
        "run_training.setup": {
            "total": 0.009749892000399996,
            "count": 1,
            "self": 0.009749892000399996
        },
        "TrainerController.start_learning": {
            "total": 72.27404232599838,
            "count": 1,
            "self": 7.658599679416511e-05,
            "children": {
                "TrainerController._reset_env": {
                    "total": 11.877675914000065,
                    "count": 1,
                    "self": 11.877675914000065
                },
                "TrainerController.advance": {
                    "total": 60.28990600600082,
                    "count": 1,
                    "self": 1.2956001228303649e-05,
                    "children": {
                        "env_step": {
                            "total": 60.28989304999959,
                            "count": 1,
                            "self": 60.28707933299847,
                            "children": {
                                "SubprocessEnvManager._take_step": {
                                    "total": 0.002813717001117766,
                                    "count": 1,
                                    "self": 5.2012001106049865e-05,
                                    "children": {
                                        "TorchPolicy.evaluate": {
                                            "total": 0.002761705000011716,
                                            "count": 1,
                                            "self": 0.0005450079988804646,
                                            "children": {
                                                "TorchPolicy.sample_actions": {
                                                    "total": 0.0022166970011312515,
                                                    "count": 1,
                                                    "self": 0.0022166970011312515
                                                }
                                            }
                                        }
                                    }
                                }
                            }
                        }
                    }
                },
                "TrainerController._save_models": {
                    "total": 0.10638382000070123,
                    "count": 1,
                    "self": 0.001089117000447004,
                    "children": {
                        "RLTrainer._checkpoint": {
                            "total": 0.10529470300025423,
                            "count": 1,
                            "self": 0.10529470300025423
                        }
                    }
                }
            }
        }
    }
}