{
    "name": "root",
    "gauges": {
        "BoatAgent.Policy.Entropy.mean": {
            "value": 1.7585715055465698,
            "min": 1.7485116720199585,
            "max": 1.889154314994812,
            "count": 3
        },
        "BoatAgent.Policy.Entropy.sum": {
            "value": 17585.71484375,
            "min": 17485.1171875,
            "max": 18929.326171875,
            "count": 3
        },
        "BoatAgent.Step.mean": {
            "value": 29956.0,
            "min": 9956.0,
            "max": 29956.0,
            "count": 3
        },
        "BoatAgent.Step.sum": {
            "value": 29956.0,
            "min": 9956.0,
            "max": 29956.0,
            "count": 3
        },
        "BoatAgent.Policy.ExtrinsicValueEstimate.mean": {
            "value": -1636.7860107421875,
            "min": -1636.7860107421875,
            "max": -75.52883911132812,
            "count": 3
        },
        "BoatAgent.Policy.ExtrinsicValueEstimate.sum": {
            "value": -261885.765625,
            "min": -261885.765625,
            "max": -12009.0849609375,
            "count": 3
        },
        "BoatAgent.Policy.CuriosityValueEstimate.mean": {
            "value": 34.6137580871582,
            "min": -1.983191967010498,
            "max": 34.6137580871582,
            "count": 3
        },
        "BoatAgent.Policy.CuriosityValueEstimate.sum": {
            "value": 5538.201171875,
            "min": -315.3275146484375,
            "max": 5538.201171875,
            "count": 3
        },
        "BoatAgent.Environment.EpisodeLength.mean": {
            "value": 2499.0,
            "min": 1928.0,
            "max": 2499.0,
            "count": 3
        },
        "BoatAgent.Environment.EpisodeLength.sum": {
            "value": 9996.0,
            "min": 7712.0,
            "max": 9996.0,
            "count": 3
        },
        "BoatAgent.Environment.CumulativeReward.mean": {
            "value": -41146.869238853455,
            "min": -96803.10500518978,
            "max": -7958.399229303002,
            "count": 3
        },
        "BoatAgent.Environment.CumulativeReward.sum": {
            "value": -164587.47695541382,
            "min": -387212.4200207591,
            "max": -31833.59691721201,
            "count": 3
        },
        "BoatAgent.Policy.ExtrinsicReward.mean": {
            "value": -41146.869238853455,
            "min": -96803.10500518978,
            "max": -7958.399229303002,
            "count": 3
        },
        "BoatAgent.Policy.ExtrinsicReward.sum": {
            "value": -164587.47695541382,
            "min": -387212.4200207591,
            "max": -31833.59691721201,
            "count": 3
        },
        "BoatAgent.Policy.CuriosityReward.mean": {
            "value": 770.7633552104235,
            "min": 522.4990134239197,
            "max": 1062.5376166403294,
            "count": 3
        },
        "BoatAgent.Policy.CuriosityReward.sum": {
            "value": 3083.053420841694,
            "min": 2089.9960536956787,
            "max": 4250.150466561317,
            "count": 3
        },
        "BoatAgent.Losses.PolicyLoss.mean": {
            "value": 0.07044367540331424,
            "min": 0.07044367540331424,
            "max": 0.07322805260749495,
            "count": 3
        },
        "BoatAgent.Losses.PolicyLoss.sum": {
            "value": 0.21133102620994274,
            "min": 0.14270690871429298,
            "max": 0.21133102620994274,
            "count": 3
        },
        "BoatAgent.Losses.ValueLoss.mean": {
            "value": 86566.08279588487,
            "min": 5950.033080418905,
            "max": 570411.3782552084,
            "count": 3
        },
        "BoatAgent.Losses.ValueLoss.sum": {
            "value": 259698.2483876546,
            "min": 11900.06616083781,
            "max": 1140822.7565104167,
            "count": 3
        },
        "BoatAgent.Policy.LearningRate.mean": {
            "value": 0.0003,
            "min": 0.0003,
            "max": 0.0003,
            "count": 3
        },
        "BoatAgent.Policy.LearningRate.sum": {
            "value": 0.0009,
            "min": 0.0006,
            "max": 0.0009,
            "count": 3
        },
        "BoatAgent.Policy.Epsilon.mean": {
            "value": 0.19999999999999998,
            "min": 0.19999999999999998,
            "max": 0.19999999999999998,
            "count": 3
        },
        "BoatAgent.Policy.Epsilon.sum": {
            "value": 0.6,
            "min": 0.39999999999999997,
            "max": 0.6,
            "count": 3
        },
        "BoatAgent.Policy.Beta.mean": {
            "value": 0.0005000000000000001,
            "min": 0.0005000000000000001,
            "max": 0.0005000000000000001,
            "count": 3
        },
        "BoatAgent.Policy.Beta.sum": {
            "value": 0.0015000000000000005,
            "min": 0.0010000000000000002,
            "max": 0.0015000000000000005,
            "count": 3
        },
        "BoatAgent.Losses.CuriosityForwardLoss.mean": {
            "value": 2.480152101152473,
            "min": 2.480152101152473,
            "max": 415.1723677317301,
            "count": 3
        },
        "BoatAgent.Losses.CuriosityForwardLoss.sum": {
            "value": 7.4404563034574185,
            "min": 7.4404563034574185,
            "max": 830.3447354634602,
            "count": 3
        },
        "BoatAgent.Losses.CuriosityInverseLoss.mean": {
            "value": 1.8467335999011993,
            "min": 1.697349655131499,
            "max": 2.264222406471769,
            "count": 3
        },
        "BoatAgent.Losses.CuriosityInverseLoss.sum": {
            "value": 5.540200799703598,
            "min": 3.394699310262998,
            "max": 5.540200799703598,
            "count": 3
        },
        "BoatAgent.IsTraining.mean": {
            "value": 1.0,
            "min": 1.0,
            "max": 1.0,
            "count": 3
        },
        "BoatAgent.IsTraining.sum": {
            "value": 1.0,
            "min": 1.0,
            "max": 1.0,
            "count": 3
        }
    },
    "metadata": {
        "timer_format_version": "0.1.0",
        "start_time_seconds": "1697746920",
        "python_version": "3.6.13 |Anaconda, Inc.| (default, Jun  4 2021, 14:25:59) \n[GCC 7.5.0]",
        "command_line_arguments": "/home/joshua/miniconda3/envs/ai_boat/bin/mlagents-learn config/boatAgent.yaml --run-id=1stgo_nav_23",
        "mlagents_version": "0.26.0",
        "mlagents_envs_version": "0.26.0",
        "communication_protocol_version": "1.5.0",
        "pytorch_version": "1.8.1+cu102",
        "numpy_version": "1.19.5",
        "end_time_seconds": "1697747212"
    },
    "total": 292.4566113660039,
    "count": 1,
    "self": 0.0047649550033384,
    "children": {
        "run_training.setup": {
            "total": 0.011139868998725433,
            "count": 1,
            "self": 0.011139868998725433
        },
        "TrainerController.start_learning": {
            "total": 292.44070654200186,
            "count": 1,
            "self": 0.6116005895819399,
            "children": {
                "TrainerController._reset_env": {
                    "total": 15.714957304000563,
                    "count": 1,
                    "self": 15.714957304000563
                },
                "TrainerController.advance": {
                    "total": 275.96527135141514,
                    "count": 38791,
                    "self": 0.6123734677166794,
                    "children": {
                        "env_step": {
                            "total": 252.98434278358036,
                            "count": 38791,
                            "self": 166.65871066164982,
                            "children": {
                                "SubprocessEnvManager._take_step": {
                                    "total": 85.95272530741204,
                                    "count": 38791,