{
    "name": "root",
    "metadata": {
        "timer_format_version": "0.1.0",
        "start_time_seconds": "1697716567",
        "python_version": "3.6.13 |Anaconda, Inc.| (default, Jun  4 2021, 14:25:59) \n[GCC 7.5.0]",
        "command_line_arguments": "/home/joshua/miniconda3/envs/ai_boat/bin/mlagents-learn config/boatAgent.yaml --run-id=2nd_go_16",
        "mlagents_version": "0.26.0",
        "mlagents_envs_version": "0.26.0",
        "communication_protocol_version": "1.5.0",
        "pytorch_version": "1.8.1+cu102",
        "numpy_version": "1.19.5",
        "end_time_seconds": "1697716749"
    },
    "total": 181.91474445700078,
    "count": 1,
    "self": 0.005136903000675375,
    "children": {
        "run_training.setup": {
            "total": 0.0117085780002526,
            "count": 1,
            "self": 0.0117085780002526
        },
        "TrainerController.start_learning": {
            "total": 181.89789897599985,
            "count": 1,
            "self": 0.3791941528652387,
            "children": {
                "TrainerController._reset_env": {
                    "total": 13.110822205000659,
                    "count": 1,
                    "self": 13.110822205000659
                },
                "TrainerController.advance": {
                    "total": 168.28438638913394,
                    "count": 26301,
                    "self": 0.3883104122178338,
                    "children": {
                        "env_step": {
                            "total": 154.09804583090954,
                            "count": 26301,
                            "self": 109.2528134090062,
                            "children": {
                                "SubprocessEnvManager._take_step": {
                                    "total": 44.61846391099425,
                                    "count": 26301,
                                    "self": 1.133305848143209,
                                    "children": {
                                        "TorchPolicy.evaluate": {
                                            "total": 43.48515806285104,
                                            "count": 26301,
                                            "self": 13.254417634849233,
                                            "children": {
                                                "TorchPolicy.sample_actions": {
                                                    "total": 30.23074042800181,
                                                    "count": 26301,
                                                    "self": 30.23074042800181
                                                }
                                            }
                                        }
                                    }
                                },
                                "workers": {
                                    "total": 0.22676851090909622,
                                    "count": 26300,
                                    "self": 0.0,
                                    "children": {
                                        "worker_root": {
                                            "total": 181.1398937399299,
                                            "count": 26300,
                                            "is_parallel": true,
                                            "self": 87.8359578358668,
                                            "children": {
                                                "run_training.setup": {
                                                    "total": 0.0,
                                                    "count": 0,
                                                    "is_parallel": true,
                                                    "self": 0.0,
                                                    "children": {
                                                        "steps_from_proto": {
                                                            "total": 0.0005613369994534878,
                                                            "count": 1,
                                                            "is_parallel": true,
                                                            "self": 0.00025792899941734504,
                                                            "children": {
                                                                "_process_rank_one_or_two_observation": {
                                                                    "total": 0.00030340800003614277,
                                                                    "count": 2,
                                                                    "is_parallel": true,
                                                                    "self": 0.00030340800003614277
                                                                }
                                                            }
                                                        },
                                                        "UnityEnvironment.step": {
                                                            "total": 0.01859034100016288,
                                                            "count": 1,
                                                            "is_parallel": true,
                                                            "self": 7.066699981805868e-05,
                                                            "children": {
                                                                "UnityEnvironment._generate_step_input": {
                                                                    "total": 8.624099973530974e-05,
                                                                    "count": 1,
                                                                    "is_parallel": true,
                                                                    "self": 8.624099973530974e-05
                                                                },
                                                                "communicator.exchange": {
                                                                    "total": 0.018192773999544443,
                                                                    "count": 1,
                                                                    "is_parallel": true,
                                                                    "self": 0.018192773999544443
                                                                },
                                                                "steps_from_proto": {
                                                                    "total": 0.00024065900106506888,
                                                                    "count": 1,
                                                                    "is_parallel": true,
                                                                    "self": 0.00014149299931887072,
                                                                    "children": {
                                                                        "_process_rank_one_or_two_observation": {
                                                                            "total": 9.916600174619816e-05,
                                                                            "count": 2,
                                                                            "is_parallel": true,