{
    "name": "root",
    "metadata": {
        "timer_format_version": "0.1.0",
        "start_time_seconds": "1697739573",
        "python_version": "3.6.13 |Anaconda, Inc.| (default, Jun  4 2021, 14:25:59) \n[GCC 7.5.0]",
        "command_line_arguments": "/home/joshua/miniconda3/envs/ai_boat/bin/mlagents-learn config/boatAgent.yaml --run-id=1stgo_nav_13",
        "mlagents_version": "0.26.0",
        "mlagents_envs_version": "0.26.0",
        "communication_protocol_version": "1.5.0",
        "pytorch_version": "1.8.1+cu102",
        "numpy_version": "1.19.5",
        "end_time_seconds": "1697739665"
    },
    "total": 92.1233408909975,
    "count": 1,
    "self": 0.005245214997557923,
    "children": {
        "run_training.setup": {
            "total": 0.01102239399915561,
            "count": 1,
            "self": 0.01102239399915561
        },
        "TrainerController.start_learning": {
            "total": 92.10707328200078,
            "count": 1,
            "self": 0.03297313807706814,
            "children": {
                "TrainerController._reset_env": {
                    "total": 9.164116025000112,
                    "count": 1,
                    "self": 9.164116025000112
                },
                "TrainerController.advance": {
                    "total": 82.67073230192182,
                    "count": 2317,
                    "self": 0.03363821978564374,
                    "children": {
                        "env_step": {
                            "total": 82.382371942811,
                            "count": 2317,
                            "self": 73.4523752797104,
                            "children": {
                                "SubprocessEnvManager._take_step": {
                                    "total": 8.909977700059244,
                                    "count": 2317,
                                    "self": 0.095720306126168,
                                    "children": {
                                        "TorchPolicy.evaluate": {
                                            "total": 8.814257393933076,
                                            "count": 2317,
                                            "self": 0.9109507501125336,
                                            "children": {
                                                "TorchPolicy.sample_actions": {
                                                    "total": 7.903306643820542,
                                                    "count": 2317,
                                                    "self": 7.903306643820542
                                                }
                                            }
                                        }
                                    }
                                },
                                "workers": {
                                    "total": 0.020018963041366078,
                                    "count": 2316,
                                    "self": 0.0,
                                    "children": {
                                        "worker_root": {
                                            "total": 31.54502668096393,
                                            "count": 2316,
                                            "is_parallel": true,
                                            "self": 19.825087086923304,
                                            "children": {
                                                "run_training.setup": {
                                                    "total": 0.0,
                                                    "count": 0,
                                                    "is_parallel": true,
                                                    "self": 0.0,
                                                    "children": {
                                                        "steps_from_proto": {
                                                            "total": 0.0005112660001032054,
                                                            "count": 1,
                                                            "is_parallel": true,
                                                            "self": 0.00025930899573722854,
                                                            "children": {
                                                                "_process_rank_one_or_two_observation": {
                                                                    "total": 0.0002519570043659769,
                                                                    "count": 2,
                                                                    "is_parallel": true,
                                                                    "self": 0.0002519570043659769
                                                                }
                                                            }
                                                        },
                                                        "UnityEnvironment.step": {
                                                            "total": 0.02407633699476719,
                                                            "count": 1,
                                                            "is_parallel": true,
                                                            "self": 7.223498687380925e-05,
                                                            "children": {
                                                                "UnityEnvironment._generate_step_input": {
                                                                    "total": 9.187200339511037e-05,
                                                                    "count": 1,
                                                                    "is_parallel": true,
                                                                    "self": 9.187200339511037e-05
                                                                },
                                                                "communicator.exchange": {
                                                                    "total": 0.02367646700440673,
                                                                    "count": 1,
                                                                    "is_parallel": true,
                                                                    "self": 0.02367646700440673
                                                                },
                                                                "steps_from_proto": {
                                                                    "total": 0.00023576300009153783,
                                                                    "count": 1,
                                                                    "is_parallel": true,
                                                                    "self": 0.00014225800259737298,
                                                                    "children": {
                                                                        "_process_rank_one_or_two_observation": {
                                                                            "total": 9.350499749416485e-05,
                                                                            "count": 2,
                                                                            "is_parallel": true,