{
    "name": "root",
    "gauges": {
        "BoatAgent.Policy.Entropy.mean": {
            "value": 3.795786142349243,
            "min": 3.616196632385254,
            "max": 4.129465579986572,
            "count": 31
        },
        "BoatAgent.Policy.Entropy.sum": {
            "value": 37730.11328125,
            "min": 35728.0234375,
            "max": 43318.09375,
            "count": 31
        },
        "BoatAgent.Step.mean": {
            "value": 309970.0,
            "min": 9992.0,
            "max": 309970.0,
            "count": 31
        },
        "BoatAgent.Step.sum": {
            "value": 309970.0,
            "min": 9992.0,
            "max": 309970.0,
            "count": 31
        },
        "BoatAgent.Policy.ExtrinsicValueEstimate.mean": {
            "value": 780.9485473632812,
            "min": -1460.6129150390625,
            "max": 879.1116333007812,
            "count": 31
        },
        "BoatAgent.Policy.ExtrinsicValueEstimate.sum": {
            "value": 122608.921875,
            "min": -243922.359375,
            "max": 140657.859375,
            "count": 31
        },
        "BoatAgent.Policy.CuriosityValueEstimate.mean": {
            "value": -0.17775192856788635,
            "min": -8.924607276916504,
            "max": 62.24043273925781,
            "count": 31
        },
        "BoatAgent.Policy.CuriosityValueEstimate.sum": {
            "value": -27.907052993774414,
            "min": -1410.0880126953125,
            "max": 9896.228515625,
            "count": 31
        },
        "BoatAgent.Environment.EpisodeLength.mean": {
            "value": 2583.0,
            "min": 216.0,
            "max": 4999.0,
            "count": 28
        },
        "BoatAgent.Environment.EpisodeLength.sum": {
            "value": 2583.0,
            "min": 1728.0,
            "max": 29994.0,
            "count": 28
        },
        "BoatAgent.Environment.CumulativeReward.mean": {
            "value": -10701.453929901123,
            "min": -10701.453929901123,
            "max": 47133.24115538597,
            "count": 28
        },
        "BoatAgent.Environment.CumulativeReward.sum": {
            "value": -10701.453929901123,
            "min": -246481.49068665504,
            "max": 282799.4469323158,
            "count": 28
        },
        "BoatAgent.Policy.ExtrinsicReward.mean": {
            "value": -10701.453929901123,
            "min": -10701.453929901123,
            "max": 47133.24115538597,
            "count": 28
        },
        "BoatAgent.Policy.ExtrinsicReward.sum": {
            "value": -10701.453929901123,
            "min": -246481.49068665504,
            "max": 282799.4469323158,
            "count": 28
        },
        "BoatAgent.Policy.CuriosityReward.mean": {
            "value": 0.9527803354430944,
            "min": 0.0,
            "max": 693.3928794264793,
            "count": 28
        },
        "BoatAgent.Policy.CuriosityReward.sum": {
            "value": 0.9527803354430944,
            "min": 0.0,
            "max": 3002.6010797582567,
            "count": 28
        },
        "BoatAgent.Losses.PolicyLoss.mean": {
            "value": 0.0682103616365263,
            "min": 0.06146556975272688,
            "max": 0.0730716523864127,
            "count": 31
        },
        "BoatAgent.Losses.PolicyLoss.sum": {
            "value": 0.1364207232730526,
            "min": 0.12616559935183128,
            "max": 0.21753323580954503,
            "count": 31
        },
        "BoatAgent.Losses.ValueLoss.mean": {
            "value": 4418.035470247269,
            "min": 95.1822179754575,
            "max": 82594.26864624023,
            "count": 31
        },
        "BoatAgent.Losses.ValueLoss.sum": {
            "value": 8836.070940494537,
            "min": 190.364435950915,
            "max": 218186.4998474121,
            "count": 31
        },
        "BoatAgent.Policy.LearningRate.mean": {
            "value": 0.0003,
            "min": 0.0003,
            "max": 0.00030000000000000003,
            "count": 31
        },
        "BoatAgent.Policy.LearningRate.sum": {
            "value": 0.0006,
            "min": 0.0006,
            "max": 0.0009,
            "count": 31
        },
        "BoatAgent.Policy.Epsilon.mean": {
            "value": 0.19999999999999998,
            "min": 0.19999999999999996,
            "max": 0.19999999999999998,
            "count": 31
        },
        "BoatAgent.Policy.Epsilon.sum": {
            "value": 0.39999999999999997,
            "min": 0.3999999999999999,
            "max": 0.6,
            "count": 31
        },
        "BoatAgent.Policy.Beta.mean": {
            "value": 0.0005000000000000001,
            "min": 0.0005000000000000001,
            "max": 0.0005000000000000002,
            "count": 31
        },
        "BoatAgent.Policy.Beta.sum": {
            "value": 0.0010000000000000002,
            "min": 0.0010000000000000002,
            "max": 0.0015000000000000005,
            "count": 31
        },
        "BoatAgent.Losses.CuriosityForwardLoss.mean": {
            "value": 0.01903155556647107,
            "min": 0.0050876097981624,
            "max": 45.90088806710407,
            "count": 31
        },
        "BoatAgent.Losses.CuriosityForwardLoss.sum": {
            "value": 0.03806311113294214,
            "min": 0.0101752195963248,
            "max": 91.80177613420814,
            "count": 31
        },
        "BoatAgent.Losses.CuriosityInverseLoss.mean": {
            "value": 3.4971316754817963,
            "min": 3.4971316754817963,
            "max": 4.274038552799645,
            "count": 31
        },
        "BoatAgent.Losses.CuriosityInverseLoss.sum": {
            "value": 6.9942633509635925,
            "min": 6.9942633509635925,
            "max": 12.193797546128433,
            "count": 31
        },
        "BoatAgent.IsTraining.mean": {
            "value": 1.0,
            "min": 1.0,
            "max": 1.0,
            "count": 31
        },
        "BoatAgent.IsTraining.sum": {
            "value": 1.0,
            "min": 1.0,
            "max": 1.0,
            "count": 31
        }
    },
    "metadata": {
        "timer_format_version": "0.1.0",
        "start_time_seconds": "1698306680",
        "python_version": "3.6.13 |Anaconda, Inc.| (default, Jun  4 2021, 14:25:59) \n[GCC 7.5.0]",
        "command_line_arguments": "/home/joshua/miniconda3/envs/ai_boat/bin/mlagents-learn config/boatAgent.yaml --run-id=headless_18",
        "mlagents_version": "0.26.0",
        "mlagents_envs_version": "0.26.0",
        "communication_protocol_version": "1.5.0",
        "pytorch_version": "1.8.1+cu102",
        "numpy_version": "1.19.5",
        "end_time_seconds": "1698307258"
    },
    "total": 577.679388057999,
    "count": 1,
    "self": 0.004591778999383678,
    "children": {
        "run_training.setup": {
            "total": 0.0104076219995477,
            "count": 1,
            "self": 0.0104076219995477
        },
        "TrainerController.start_learning": {
            "total": 577.664388657,
            "count": 1,
            "self": 0.6347502769476705,
            "children": {
                "TrainerController._reset_env": {
                    "total": 12.526277632001438,
                    "count": 1,
                    "self": 12.526277632001438
                },
                "TrainerController.advance": {
                    "total": 564.3164277840515,
                    "count": 31751,
                    "self": 0.6206319371303834,
                    "children": {
                        "env_step": {
                            "total": 352.18812866007465,
                            "count": 31751,
                            "self": 238.88619997080968,
                            "children": {
                                "SubprocessEnvManager._take_step": {
                                    "total": 112.94034369119436,