{
    "name": "root",
    "gauges": {
        "BoatAgent.Policy.Entropy.mean": {
            "value": 4.065000057220459,
            "min": 4.065000057220459,
            "max": 4.1099114418029785,
            "count": 2
        },
        "BoatAgent.Policy.Entropy.sum": {
            "value": 40682.51953125,
            "min": 40682.51953125,
            "max": 41136.1015625,
            "count": 2
        },
        "BoatAgent.Step.mean": {
            "value": 19967.0,
            "min": 9945.0,
            "max": 19967.0,
            "count": 2
        },
        "BoatAgent.Step.sum": {
            "value": 19967.0,
            "min": 9945.0,
            "max": 19967.0,
            "count": 2
        },
        "BoatAgent.Policy.ExtrinsicValueEstimate.mean": {
            "value": -4504.23193359375,
            "min": -4504.23193359375,
            "max": -44.37165832519531,
            "count": 2
        },
        "BoatAgent.Policy.ExtrinsicValueEstimate.sum": {
            "value": -882829.5,
            "min": -882829.5,
            "max": -8120.013671875,
            "count": 2
        },
        "BoatAgent.Policy.CuriosityValueEstimate.mean": {
            "value": 7.083979606628418,
            "min": 0.7894448637962341,
            "max": 7.083979606628418,
            "count": 2
        },
        "BoatAgent.Policy.CuriosityValueEstimate.sum": {
            "value": 1388.4599609375,
            "min": 144.46841430664062,
            "max": 1388.4599609375,
            "count": 2
        },
        "BoatAgent.Environment.EpisodeLength.mean": {
            "value": 79.95238095238095,
            "min": 79.95238095238095,
            "max": 159.9344262295082,
            "count": 2
        },
        "BoatAgent.Environment.EpisodeLength.sum": {
            "value": 10074.0,
            "min": 9756.0,
            "max": 10074.0,
            "count": 2
        },
        "BoatAgent.Environment.CumulativeReward.mean": {
            "value": -9541.87242010498,
            "min": -9541.87242010498,
            "max": -3034.8390192496972,
            "count": 2
        },
        "BoatAgent.Environment.CumulativeReward.sum": {
            "value": -1192734.0525131226,
            "min": -1192734.0525131226,
            "max": -185125.18017423153,
            "count": 2
        },
        "BoatAgent.Policy.ExtrinsicReward.mean": {
            "value": -9541.87242010498,
            "min": -9541.87242010498,
            "max": -3034.8390192496972,
            "count": 2
        },
        "BoatAgent.Policy.ExtrinsicReward.sum": {
            "value": -1192734.0525131226,
            "min": -1192734.0525131226,
            "max": -185125.18017423153,
            "count": 2
        },
        "BoatAgent.Policy.CuriosityReward.mean": {
            "value": 4.796956569492817,
            "min": 4.796956569492817,
            "max": 18.266987204307416,
            "count": 2
        },
        "BoatAgent.Policy.CuriosityReward.sum": {
            "value": 599.6195711866021,
            "min": 599.6195711866021,
            "max": 1114.2862194627523,
            "count": 2
        },
        "BoatAgent.Losses.PolicyLoss.mean": {
            "value": 0.07265470076504243,
            "min": 0.06329410303002685,
            "max": 0.07265470076504243,
            "count": 2
        },
        "BoatAgent.Losses.PolicyLoss.sum": {
            "value": 0.14530940153008487,
            "min": 0.1265882060600537,
            "max": 0.14530940153008487,
            "count": 2
        },
        "BoatAgent.Losses.ValueLoss.mean": {
            "value": 18430839.940104168,
            "min": 95747.11938730875,
            "max": 18430839.940104168,
            "count": 2
        },
        "BoatAgent.Losses.ValueLoss.sum": {
            "value": 36861679.880208336,
            "min": 191494.2387746175,
            "max": 36861679.880208336,
            "count": 2
        },
        "BoatAgent.Policy.LearningRate.mean": {
            "value": 0.0003,
            "min": 0.0003,
            "max": 0.0003,
            "count": 2
        },
        "BoatAgent.Policy.LearningRate.sum": {
            "value": 0.0006,
            "min": 0.0006,
            "max": 0.0006,
            "count": 2
        },
        "BoatAgent.Policy.Epsilon.mean": {
            "value": 0.19999999999999998,
            "min": 0.19999999999999998,
            "max": 0.19999999999999998,
            "count": 2
        },
        "BoatAgent.Policy.Epsilon.sum": {
            "value": 0.39999999999999997,
            "min": 0.39999999999999997,
            "max": 0.39999999999999997,
            "count": 2
        },
        "BoatAgent.Policy.Beta.mean": {
            "value": 0.0005000000000000001,
            "min": 0.0005000000000000001,
            "max": 0.0005000000000000001,
            "count": 2
        },
        "BoatAgent.Policy.Beta.sum": {
            "value": 0.0010000000000000002,
            "min": 0.0010000000000000002,
            "max": 0.0010000000000000002,
            "count": 2
        },
        "BoatAgent.Losses.CuriosityForwardLoss.mean": {
            "value": 1.6308434152354796,
            "min": 1.6308434152354796,
            "max": 32.663679371277496,
            "count": 2
        },
        "BoatAgent.Losses.CuriosityForwardLoss.sum": {
            "value": 3.261686830470959,
            "min": 3.261686830470959,
            "max": 65.32735874255499,
            "count": 2
        },
        "BoatAgent.Losses.CuriosityInverseLoss.mean": {
            "value": 4.10549977918466,
            "min": 4.10549977918466,
            "max": 4.299759504695734,
            "count": 2
        },
        "BoatAgent.Losses.CuriosityInverseLoss.sum": {
            "value": 8.21099955836932,
            "min": 8.21099955836932,
            "max": 8.599519009391468,
            "count": 2
        },
        "BoatAgent.IsTraining.mean": {
            "value": 1.0,
            "min": 1.0,
            "max": 1.0,
            "count": 2
        },
        "BoatAgent.IsTraining.sum": {
            "value": 1.0,
            "min": 1.0,
            "max": 1.0,
            "count": 2
        }
    },
    "metadata": {
        "timer_format_version": "0.1.0",
        "start_time_seconds": "1698303621",
        "python_version": "3.6.13 |Anaconda, Inc.| (default, Jun  4 2021, 14:25:59) \n[GCC 7.5.0]",
        "command_line_arguments": "/home/joshua/miniconda3/envs/ai_boat/bin/mlagents-learn config/boatAgent.yaml --run-id=headless_15",
        "mlagents_version": "0.26.0",
        "mlagents_envs_version": "0.26.0",
        "communication_protocol_version": "1.5.0",
        "pytorch_version": "1.8.1+cu102",
        "numpy_version": "1.19.5",
        "end_time_seconds": "1698303810"
    },
    "total": 188.2997235769999,
    "count": 1,
    "self": 0.004838236999603396,
    "children": {
        "run_training.setup": {
            "total": 0.01050527100051113,
            "count": 1,
            "self": 0.01050527100051113
        },
        "TrainerController.start_learning": {
            "total": 188.28438006899978,
            "count": 1,
            "self": 0.2985367680876152,
            "children": {
                "TrainerController._reset_env": {
                    "total": 13.84284681600002,
                    "count": 1,
                    "self": 13.84284681600002
                },
                "TrainerController.advance": {
                    "total": 173.9304358499121,
                    "count": 20634,
                    "self": 0.2969954208329,
                    "children": {
                        "env_step": {
                            "total": 160.0815680570695,
                            "count": 20634,
                            "self": 94.66702978909598,
                            "children": {
                                "SubprocessEnvManager._take_step": {
                                    "total": 65.23647303395137,