{
    "name": "root",
    "gauges": {
        "BoatAgent.Policy.Entropy.mean": {
            "value": 4.931396961212158,
            "min": 4.240988254547119,
            "max": 4.931396961212158,
            "count": 3
        },
        "BoatAgent.Policy.Entropy.sum": {
            "value": 49313.96875,
            "min": 42630.4140625,
            "max": 49313.96875,
            "count": 3
        },
        "BoatAgent.Step.mean": {
            "value": 29999.0,
            "min": 9988.0,
            "max": 29999.0,
            "count": 3
        },
        "BoatAgent.Step.sum": {
            "value": 29999.0,
            "min": 9988.0,
            "max": 29999.0,
            "count": 3
        },
        "BoatAgent.Policy.ExtrinsicValueEstimate.mean": {
            "value": -111.40521240234375,
            "min": -111.40521240234375,
            "max": -19.139047622680664,
            "count": 3
        },
        "BoatAgent.Policy.ExtrinsicValueEstimate.sum": {
            "value": -1114052.125,
            "min": -1114052.125,
            "max": -17210.12890625,
            "count": 3
        },
        "BoatAgent.Policy.CuriosityValueEstimate.mean": {
            "value": 2.690828323364258,
            "min": 2.690828323364258,
            "max": 6.722476005554199,
            "count": 3
        },
        "BoatAgent.Policy.CuriosityValueEstimate.sum": {
            "value": 26908.283203125,
            "min": 1062.1512451171875,
            "max": 30777.623046875,
            "count": 3
        },
        "BoatAgent.Environment.EpisodeLength.mean": {
            "value": 0.0,
            "min": 0.0,
            "max": 1535.6666666666667,
            "count": 3
        },
        "BoatAgent.Environment.EpisodeLength.sum": {
            "value": 0.0,
            "min": 0.0,
            "max": 9214.0,
            "count": 3
        },
        "BoatAgent.Environment.CumulativeReward.mean": {
            "value": -199.40099859379464,
            "min": -5022.0561405569315,
            "max": -53.30331734425216,
            "count": 3
        },
        "BoatAgent.Environment.CumulativeReward.sum": {
            "value": -1994009.9859379465,
            "min": -1994009.9859379465,
            "max": -30132.33684334159,
            "count": 3
        },
        "BoatAgent.Policy.ExtrinsicReward.mean": {
            "value": -199.40099859379464,
            "min": -5022.0561405569315,
            "max": -53.30331734425216,
            "count": 3
        },
        "BoatAgent.Policy.ExtrinsicReward.sum": {
            "value": -1994009.9859379465,
            "min": -1994009.9859379465,
            "max": -30132.33684334159,
            "count": 3
        },
        "BoatAgent.Policy.CuriosityReward.mean": {
            "value": 0.022652044151211158,
            "min": 0.022652044151211158,
            "max": 147.8638664484024,
            "count": 3
        },
        "BoatAgent.Policy.CuriosityReward.sum": {
            "value": 226.52044151211157,
            "min": 226.52044151211157,
            "max": 891.82612224482,
            "count": 3
        },
        "BoatAgent.Losses.PolicyLoss.mean": {
            "value": 0.06745551260731493,
            "min": 0.06745551260731493,
            "max": 0.07364098376516874,
            "count": 3
        },
        "BoatAgent.Losses.PolicyLoss.sum": {
            "value": 0.2023665378219448,
            "min": 0.1396154910423017,
            "max": 0.2023665378219448,
            "count": 3
        },
        "BoatAgent.Losses.ValueLoss.mean": {
            "value": 222721.26058281795,
            "min": 8655.17127609253,
            "max": 222721.26058281795,
            "count": 3
        },
        "BoatAgent.Losses.ValueLoss.sum": {
            "value": 668163.7817484539,
            "min": 17310.34255218506,
            "max": 668163.7817484539,
            "count": 3
        },
        "BoatAgent.Policy.LearningRate.mean": {
            "value": 0.0003,
            "min": 0.0003,
            "max": 0.0003,
            "count": 3
        },
        "BoatAgent.Policy.LearningRate.sum": {
            "value": 0.0009,
            "min": 0.0006,
            "max": 0.0009,
            "count": 3
        },
        "BoatAgent.Policy.Epsilon.mean": {
            "value": 0.19999999999999998,
            "min": 0.19999999999999998,
            "max": 0.19999999999999998,
            "count": 3
        },
        "BoatAgent.Policy.Epsilon.sum": {
            "value": 0.6,
            "min": 0.39999999999999997,
            "max": 0.6,
            "count": 3
        },
        "BoatAgent.Policy.Beta.mean": {
            "value": 0.0005000000000000001,
            "min": 0.0005000000000000001,
            "max": 0.0005000000000000001,
            "count": 3
        },
        "BoatAgent.Policy.Beta.sum": {
            "value": 0.0015000000000000005,
            "min": 0.0010000000000000002,
            "max": 0.0015000000000000005,
            "count": 3
        },
        "BoatAgent.Losses.CuriosityForwardLoss.mean": {
            "value": 0.572400752765437,
            "min": 0.572400752765437,
            "max": 2112.7682747642198,
            "count": 3
        },
        "BoatAgent.Losses.CuriosityForwardLoss.sum": {
            "value": 1.717202258296311,
            "min": 1.717202258296311,
            "max": 4225.5365495284395,
            "count": 3
        },
        "BoatAgent.Losses.CuriosityInverseLoss.mean": {
            "value": 4.987918668323093,
            "min": 4.275926444679499,
            "max": 5.640949512521426,
            "count": 3
        },
        "BoatAgent.Losses.CuriosityInverseLoss.sum": {
            "value": 14.96375600496928,
            "min": 8.551852889358997,
            "max": 14.96375600496928,
            "count": 3
        },
        "BoatAgent.IsTraining.mean": {
            "value": 1.0,
            "min": 1.0,
            "max": 1.0,
            "count": 3
        },
        "BoatAgent.IsTraining.sum": {
            "value": 1.0,
            "min": 1.0,
            "max": 1.0,
            "count": 3
        }
    },
    "metadata": {
        "timer_format_version": "0.1.0",
        "start_time_seconds": "1697740331",
        "python_version": "3.6.13 |Anaconda, Inc.| (default, Jun  4 2021, 14:25:59) \n[GCC 7.5.0]",
        "command_line_arguments": "/home/joshua/miniconda3/envs/ai_boat/bin/mlagents-learn config/boatAgent.yaml --run-id=1stgo_nav_16",
        "mlagents_version": "0.26.0",
        "mlagents_envs_version": "0.26.0",
        "communication_protocol_version": "1.5.0",
        "pytorch_version": "1.8.1+cu102",
        "numpy_version": "1.19.5",
        "end_time_seconds": "1697740760"
    },
    "total": 428.50824133299466,
    "count": 1,
    "self": 0.005532042996492237,
    "children": {
        "run_training.setup": {
            "total": 0.010978781996527687,
            "count": 1,
            "self": 0.010978781996527687
        },
        "TrainerController.start_learning": {
            "total": 428.49173050800164,
            "count": 1,
            "self": 0.6901843624582398,
            "children": {
                "TrainerController._reset_env": {
                    "total": 14.952087179997761,
                    "count": 1,
                    "self": 14.952087179997761
                },
                "TrainerController.advance": {
                    "total": 412.58659800754685,
                    "count": 35034,
                    "self": 0.6258644392728456,
                    "children": {
                        "env_step": {
                            "total": 321.57254672056297,
                            "count": 35034,
                            "self": 179.41064819708845,
                            "children": {
                                "SubprocessEnvManager._take_step": {
                                    "total": 141.80175346598844,
                                    "count": 35034,