{
    "name": "root",
    "metadata": {
        "timer_format_version": "0.1.0",
        "start_time_seconds": "1697719684",
        "python_version": "3.6.13 |Anaconda, Inc.| (default, Jun  4 2021, 14:25:59) \n[GCC 7.5.0]",
        "command_line_arguments": "/home/joshua/miniconda3/envs/ai_boat/bin/mlagents-learn config/boatAgent.yaml --run-id=2nd_go_26",
        "mlagents_version": "0.26.0",
        "mlagents_envs_version": "0.26.0",
        "communication_protocol_version": "1.5.0",
        "pytorch_version": "1.8.1+cu102",
        "numpy_version": "1.19.5",
        "end_time_seconds": "1697719776"
    },
    "total": 92.02083861499887,
    "count": 1,
    "self": 0.004320587000620435,
    "children": {
        "run_training.setup": {
            "total": 0.009258420999685768,
            "count": 1,
            "self": 0.009258420999685768
        },
        "TrainerController.start_learning": {
            "total": 92.00725960699856,
            "count": 1,
            "self": 0.15594435208913637,
            "children": {
                "TrainerController._reset_env": {
                    "total": 24.133729211000173,
                    "count": 1,
                    "self": 24.133729211000173
                },
                "TrainerController.advance": {
                    "total": 67.6158334729098,
                    "count": 11484,
                    "self": 0.15946082373375248,
                    "children": {
                        "env_step": {
                            "total": 62.85025813904758,
                            "count": 11484,
                            "self": 44.22988581213394,
                            "children": {
                                "SubprocessEnvManager._take_step": {
                                    "total": 18.526006918922576,
                                    "count": 11484,
                                    "self": 0.46077146587049356,
                                    "children": {
                                        "TorchPolicy.evaluate": {
                                            "total": 18.065235453052082,
                                            "count": 11484,
                                            "self": 4.641309161082972,
                                            "children": {
                                                "TorchPolicy.sample_actions": {
                                                    "total": 13.42392629196911,
                                                    "count": 11484,
                                                    "self": 13.42392629196911
                                                }
                                            }
                                        }
                                    }
                                },
                                "workers": {
                                    "total": 0.09436540799106297,
                                    "count": 11483,
                                    "self": 0.0,
                                    "children": {
                                        "worker_root": {
                                            "total": 91.68158392110126,
                                            "count": 11483,
                                            "is_parallel": true,
                                            "self": 54.09363924506761,
                                            "children": {
                                                "run_training.setup": {
                                                    "total": 0.0,
                                                    "count": 0,
                                                    "is_parallel": true,
                                                    "self": 0.0,
                                                    "children": {
                                                        "steps_from_proto": {
                                                            "total": 0.0007175980008469196,
                                                            "count": 1,
                                                            "is_parallel": true,
                                                            "self": 0.0003718290008691838,
                                                            "children": {
                                                                "_process_rank_one_or_two_observation": {
                                                                    "total": 0.0003457689999777358,
                                                                    "count": 2,
                                                                    "is_parallel": true,
                                                                    "self": 0.0003457689999777358
                                                                }
                                                            }
                                                        },
                                                        "UnityEnvironment.step": {
                                                            "total": 0.02564805099973455,
                                                            "count": 1,
                                                            "is_parallel": true,
                                                            "self": 7.2197000918095e-05,
                                                            "children": {
                                                                "UnityEnvironment._generate_step_input": {
                                                                    "total": 8.700899888935965e-05,
                                                                    "count": 1,
                                                                    "is_parallel": true,
                                                                    "self": 8.700899888935965e-05
                                                                },
                                                                "communicator.exchange": {
                                                                    "total": 0.025248207999538863,
                                                                    "count": 1,
                                                                    "is_parallel": true,
                                                                    "self": 0.025248207999538863
                                                                },
                                                                "steps_from_proto": {
                                                                    "total": 0.000240637000388233,
                                                                    "count": 1,
                                                                    "is_parallel": true,
                                                                    "self": 0.0001456139998481376,
                                                                    "children": {
                                                                        "_process_rank_one_or_two_observation": {
                                                                            "total": 9.502300054009538e-05,
                                                                            "count": 2,
                                                                            "is_parallel": true,