{
    "name": "root",
    "metadata": {
        "timer_format_version": "0.1.0",
        "start_time_seconds": "1697760421",
        "python_version": "3.6.13 |Anaconda, Inc.| (default, Jun  4 2021, 14:25:59) \n[GCC 7.5.0]",
        "command_line_arguments": "/home/joshua/miniconda3/envs/ai_boat/bin/mlagents-learn config/boatAgent.yaml --run-id=headless_7",
        "mlagents_version": "0.26.0",
        "mlagents_envs_version": "0.26.0",
        "communication_protocol_version": "1.5.0",
        "pytorch_version": "1.8.1+cu102",
        "numpy_version": "1.19.5",
        "end_time_seconds": "1697760606"
    },
    "total": 184.784925234002,
    "count": 1,
    "self": 0.00457159400684759,
    "children": {
        "run_training.setup": {
            "total": 0.01247133599827066,
            "count": 1,
            "self": 0.01247133599827066
        },
        "TrainerController.start_learning": {
            "total": 184.76788230399688,
            "count": 1,
            "self": 0.1448931021222961,
            "children": {
                "TrainerController._reset_env": {
                    "total": 13.192608560995723,
                    "count": 1,
                    "self": 13.192608560995723
                },
                "TrainerController.advance": {
                    "total": 171.20804903087992,
                    "count": 9017,
                    "self": 0.14826483405340696,
                    "children": {
                        "env_step": {
                            "total": 165.55728613479732,
                            "count": 9017,
                            "self": 134.31246913745417,
                            "children": {
                                "SubprocessEnvManager._take_step": {
                                    "total": 31.16107962249953,
                                    "count": 9017,
                                    "self": 0.4230554345776909,
                                    "children": {
                                        "TorchPolicy.evaluate": {
                                            "total": 30.738024187921837,
                                            "count": 9017,
                                            "self": 4.1761363146069925,
                                            "children": {
                                                "TorchPolicy.sample_actions": {
                                                    "total": 26.561887873314845,
                                                    "count": 9017,
                                                    "self": 26.561887873314845
                                                }
                                            }
                                        }
                                    }
                                },
                                "workers": {
                                    "total": 0.08373737484362209,
                                    "count": 9016,
                                    "self": 0.0,
                                    "children": {
                                        "worker_root": {
                                            "total": 124.11894999204378,
                                            "count": 9016,
                                            "is_parallel": true,
                                            "self": 56.078191062981205,
                                            "children": {
                                                "run_training.setup": {
                                                    "total": 0.0,
                                                    "count": 0,
                                                    "is_parallel": true,
                                                    "self": 0.0,
                                                    "children": {
                                                        "steps_from_proto": {
                                                            "total": 0.0006096799988881685,
                                                            "count": 1,
                                                            "is_parallel": true,
                                                            "self": 0.0002712319983402267,
                                                            "children": {
                                                                "_process_rank_one_or_two_observation": {
                                                                    "total": 0.0003384480005479418,
                                                                    "count": 2,
                                                                    "is_parallel": true,
                                                                    "self": 0.0003384480005479418
                                                                }
                                                            }
                                                        },
                                                        "UnityEnvironment.step": {
                                                            "total": 0.0192489140026737,
                                                            "count": 1,
                                                            "is_parallel": true,
                                                            "self": 8.1847989349626e-05,
                                                            "children": {
                                                                "UnityEnvironment._generate_step_input": {
                                                                    "total": 0.00014951300545362756,
                                                                    "count": 1,
                                                                    "is_parallel": true,
                                                                    "self": 0.00014951300545362756
                                                                },
                                                                "communicator.exchange": {
                                                                    "total": 0.018791282003803644,
                                                                    "count": 1,
                                                                    "is_parallel": true,
                                                                    "self": 0.018791282003803644
                                                                },
                                                                "steps_from_proto": {
                                                                    "total": 0.00022627100406680256,
                                                                    "count": 1,
                                                                    "is_parallel": true,
                                                                    "self": 0.00013402199692791328,
                                                                    "children": {
                                                                        "_process_rank_one_or_two_observation": {
                                                                            "total": 9.224900713888928e-05,
                                                                            "count": 2,
                                                                            "is_parallel": true,