{
    "name": "root",
    "metadata": {
        "timer_format_version": "0.1.0",
        "start_time_seconds": "1699018780",
        "python_version": "3.6.13 |Anaconda, Inc.| (default, Jun  4 2021, 14:25:59) \n[GCC 7.5.0]",
        "command_line_arguments": "/home/joshua/miniconda3/envs/ai_boat/bin/mlagents-learn config/boatAgent.yaml --run-id=kiteboat_9",
        "mlagents_version": "0.26.0",
        "mlagents_envs_version": "0.26.0",
        "communication_protocol_version": "1.5.0",
        "pytorch_version": "1.8.1+cu102",
        "numpy_version": "1.19.5",
        "end_time_seconds": "1699018806"
    },
    "total": 25.726312298000266,
    "count": 1,
    "self": 0.004512499999691499,
    "children": {
        "run_training.setup": {
            "total": 0.011935616999835474,
            "count": 1,
            "self": 0.011935616999835474
        },
        "TrainerController.start_learning": {
            "total": 25.70986418100074,
            "count": 1,
            "self": 0.03213247699022759,
            "children": {
                "TrainerController._reset_env": {
                    "total": 11.069364952001706,
                    "count": 1,
                    "self": 11.069364952001706
                },
                "TrainerController.advance": {
                    "total": 14.504580376009471,
                    "count": 2234,
                    "self": 0.03337618607292825,
                    "children": {
                        "env_step": {
                            "total": 14.23292599198794,
                            "count": 2234,
                            "self": 10.446518475066114,
                            "children": {
                                "SubprocessEnvManager._take_step": {
                                    "total": 3.76699900292806,
                                    "count": 2234,
                                    "self": 0.0989675188830006,
                                    "children": {
                                        "TorchPolicy.evaluate": {
                                            "total": 3.668031484045059,
                                            "count": 2234,
                                            "self": 0.8140028260695544,
                                            "children": {
                                                "TorchPolicy.sample_actions": {
                                                    "total": 2.8540286579755048,
                                                    "count": 2234,
                                                    "self": 2.8540286579755048
                                                }
                                            }
                                        }
                                    }
                                },
                                "workers": {
                                    "total": 0.019408513993766974,
                                    "count": 2233,
                                    "self": 0.0,
                                    "children": {
                                        "worker_root": {
                                            "total": 25.548746418025985,
                                            "count": 2233,
                                            "is_parallel": true,
                                            "self": 16.508045242986555,
                                            "children": {
                                                "run_training.setup": {
                                                    "total": 0.0,
                                                    "count": 0,
                                                    "is_parallel": true,
                                                    "self": 0.0,
                                                    "children": {
                                                        "steps_from_proto": {
                                                            "total": 0.0006551970000145957,
                                                            "count": 1,
                                                            "is_parallel": true,
                                                            "self": 0.00031274000139092095,
                                                            "children": {
                                                                "_process_rank_one_or_two_observation": {
                                                                    "total": 0.00034245699862367474,
                                                                    "count": 2,
                                                                    "is_parallel": true,
                                                                    "self": 0.00034245699862367474
                                                                }
                                                            }
                                                        },
                                                        "UnityEnvironment.step": {
                                                            "total": 0.025759301999642048,
                                                            "count": 1,
                                                            "is_parallel": true,
                                                            "self": 8.179399992513936e-05,
                                                            "children": {
                                                                "UnityEnvironment._generate_step_input": {
                                                                    "total": 9.636499999032822e-05,
                                                                    "count": 1,
                                                                    "is_parallel": true,
                                                                    "self": 9.636499999032822e-05
                                                                },
                                                                "communicator.exchange": {
                                                                    "total": 0.025278838998929132,
                                                                    "count": 1,
                                                                    "is_parallel": true,
                                                                    "self": 0.025278838998929132
                                                                },
                                                                "steps_from_proto": {
                                                                    "total": 0.0003023040007974487,
                                                                    "count": 1,
                                                                    "is_parallel": true,
                                                                    "self": 0.00015940000048431102,
                                                                    "children": {
                                                                        "_process_rank_one_or_two_observation": {
                                                                            "total": 0.00014290400031313766,
                                                                            "count": 2,
                                                                            "is_parallel": true,