{
    "name": "root",
    "metadata": {
        "timer_format_version": "0.1.0",
        "start_time_seconds": "1697761806",
        "python_version": "3.6.13 |Anaconda, Inc.| (default, Jun  4 2021, 14:25:59) \n[GCC 7.5.0]",
        "command_line_arguments": "/home/joshua/miniconda3/envs/ai_boat/bin/mlagents-learn config/boatAgent.yaml --run-id=headless_11",
        "mlagents_version": "0.26.0",
        "mlagents_envs_version": "0.26.0",
        "communication_protocol_version": "1.5.0",
        "pytorch_version": "1.8.1+cu102",
        "numpy_version": "1.19.5",
        "end_time_seconds": "1697761916"
    },
    "total": 109.51356156499969,
    "count": 1,
    "self": 0.00442809200467309,
    "children": {
        "run_training.setup": {
            "total": 0.009796580998227,
            "count": 1,
            "self": 0.009796580998227
        },
        "TrainerController.start_learning": {
            "total": 109.49933689199679,
            "count": 1,
            "self": 0.013697748167032842,
            "children": {
                "TrainerController._reset_env": {
                    "total": 12.875901610001165,
                    "count": 1,
                    "self": 12.875901610001165
                },
                "TrainerController.advance": {
                    "total": 96.42945146882994,
                    "count": 867,
                    "self": 0.013867122936062515,
                    "children": {
                        "env_step": {
                            "total": 96.25463803997991,
                            "count": 867,
                            "self": 93.47254422889091,
                            "children": {
                                "SubprocessEnvManager._take_step": {
                                    "total": 2.7740032090514433,
                                    "count": 867,
                                    "self": 0.040435515191347804,
                                    "children": {
                                        "TorchPolicy.evaluate": {
                                            "total": 2.7335676938600955,
                                            "count": 867,
                                            "self": 0.3573100057328702,
                                            "children": {
                                                "TorchPolicy.sample_actions": {
                                                    "total": 2.3762576881272253,
                                                    "count": 867,
                                                    "self": 2.3762576881272253
                                                }
                                            }
                                        }
                                    }
                                },
                                "workers": {
                                    "total": 0.008090602037555072,
                                    "count": 866,
                                    "self": 0.0,
                                    "children": {
                                        "worker_root": {
                                            "total": 94.34283787607274,
                                            "count": 866,
                                            "is_parallel": true,
                                            "self": 16.430499405127193,
                                            "children": {
                                                "run_training.setup": {
                                                    "total": 0.0,
                                                    "count": 0,
                                                    "is_parallel": true,
                                                    "self": 0.0,
                                                    "children": {
                                                        "steps_from_proto": {
                                                            "total": 0.000753104999603238,
                                                            "count": 1,
                                                            "is_parallel": true,
                                                            "self": 0.00036257300234865397,
                                                            "children": {
                                                                "_process_rank_one_or_two_observation": {
                                                                    "total": 0.000390531997254584,
                                                                    "count": 2,
                                                                    "is_parallel": true,
                                                                    "self": 0.000390531997254584
                                                                }
                                                            }
                                                        },
                                                        "UnityEnvironment.step": {
                                                            "total": 0.018935747997602448,
                                                            "count": 1,
                                                            "is_parallel": true,
                                                            "self": 7.378599548246711e-05,
                                                            "children": {
                                                                "UnityEnvironment._generate_step_input": {
                                                                    "total": 8.804899698588997e-05,
                                                                    "count": 1,
                                                                    "is_parallel": true,
                                                                    "self": 8.804899698588997e-05
                                                                },
                                                                "communicator.exchange": {
                                                                    "total": 0.01852505600254517,
                                                                    "count": 1,
                                                                    "is_parallel": true,
                                                                    "self": 0.01852505600254517
                                                                },
                                                                "steps_from_proto": {
                                                                    "total": 0.0002488570025889203,
                                                                    "count": 1,
                                                                    "is_parallel": true,
                                                                    "self": 0.0001449190021958202,
                                                                    "children": {
                                                                        "_process_rank_one_or_two_observation": {
                                                                            "total": 0.00010393800039310008,
                                                                            "count": 2,
                                                                            "is_parallel": true,