{
    "name": "root",
    "metadata": {
        "timer_format_version": "0.1.0",
        "start_time_seconds": "1699017751",
        "python_version": "3.6.13 |Anaconda, Inc.| (default, Jun  4 2021, 14:25:59) \n[GCC 7.5.0]",
        "command_line_arguments": "/home/joshua/miniconda3/envs/ai_boat/bin/mlagents-learn config/boatAgent.yaml --run-id=kiteboat_6",
        "mlagents_version": "0.26.0",
        "mlagents_envs_version": "0.26.0",
        "communication_protocol_version": "1.5.0",
        "pytorch_version": "1.8.1+cu102",
        "numpy_version": "1.19.5",
        "end_time_seconds": "1699017777"
    },
    "total": 26.3271332839995,
    "count": 1,
    "self": 0.004725880000478355,
    "children": {
        "run_training.setup": {
            "total": 0.012164161000328022,
            "count": 1,
            "self": 0.012164161000328022
        },
        "TrainerController.start_learning": {
            "total": 26.310243242998695,
            "count": 1,
            "self": 0.041146901034153416,
            "children": {
                "TrainerController._reset_env": {
                    "total": 10.963235450999491,
                    "count": 1,
                    "self": 10.963235450999491
                },
                "TrainerController.advance": {
                    "total": 15.207632217963692,
                    "count": 2667,
                    "self": 0.039386827978887595,
                    "children": {
                        "env_step": {
                            "total": 14.885874753004828,
                            "count": 2667,
                            "self": 10.282991020021655,
                            "children": {
                                "SubprocessEnvManager._take_step": {
                                    "total": 4.57957827698192,
                                    "count": 2667,
                                    "self": 0.11866459493649018,
                                    "children": {
                                        "TorchPolicy.evaluate": {
                                            "total": 4.46091368204543,
                                            "count": 2667,
                                            "self": 1.0168816200421134,
                                            "children": {
                                                "TorchPolicy.sample_actions": {
                                                    "total": 3.4440320620033162,
                                                    "count": 2667,
                                                    "self": 3.4440320620033162
                                                }
                                            }
                                        }
                                    }
                                },
                                "workers": {
                                    "total": 0.023305456001253333,
                                    "count": 2666,
                                    "self": 0.0,
                                    "children": {
                                        "worker_root": {
                                            "total": 26.15133162503298,
                                            "count": 2666,
                                            "is_parallel": true,
                                            "self": 17.493144037034654,
                                            "children": {
                                                "run_training.setup": {
                                                    "total": 0.0,
                                                    "count": 0,
                                                    "is_parallel": true,
                                                    "self": 0.0,
                                                    "children": {
                                                        "steps_from_proto": {
                                                            "total": 0.0006421829984901706,
                                                            "count": 1,
                                                            "is_parallel": true,
                                                            "self": 0.00030399299794225954,
                                                            "children": {
                                                                "_process_rank_one_or_two_observation": {
                                                                    "total": 0.00033819000054791104,
                                                                    "count": 2,
                                                                    "is_parallel": true,
                                                                    "self": 0.00033819000054791104
                                                                }
                                                            }
                                                        },
                                                        "UnityEnvironment.step": {
                                                            "total": 0.023830014000850497,
                                                            "count": 1,
                                                            "is_parallel": true,
                                                            "self": 7.623200144735165e-05,
                                                            "children": {
                                                                "UnityEnvironment._generate_step_input": {
                                                                    "total": 8.835799962980673e-05,
                                                                    "count": 1,
                                                                    "is_parallel": true,
                                                                    "self": 8.835799962980673e-05
                                                                },
                                                                "communicator.exchange": {
                                                                    "total": 0.023380495000310475,
                                                                    "count": 1,
                                                                    "is_parallel": true,
                                                                    "self": 0.023380495000310475
                                                                },
                                                                "steps_from_proto": {
                                                                    "total": 0.00028492899946286343,
                                                                    "count": 1,
                                                                    "is_parallel": true,
                                                                    "self": 0.00014869200094835833,
                                                                    "children": {
                                                                        "_process_rank_one_or_two_observation": {
                                                                            "total": 0.0001362369985145051,
                                                                            "count": 2,
                                                                            "is_parallel": true,