{
    "name": "root",
    "metadata": {
        "timer_format_version": "0.1.0",
        "start_time_seconds": "1698311976",
        "python_version": "3.6.13 |Anaconda, Inc.| (default, Jun  4 2021, 14:25:59) \n[GCC 7.5.0]",
        "command_line_arguments": "/home/joshua/miniconda3/envs/ai_boat/bin/mlagents-learn config/boatAgent.yaml --run-id=headless_22",
        "mlagents_version": "0.26.0",
        "mlagents_envs_version": "0.26.0",
        "communication_protocol_version": "1.5.0",
        "pytorch_version": "1.8.1+cu102",
        "numpy_version": "1.19.5",
        "end_time_seconds": "1698312068"
    },
    "total": 91.65734344200064,
    "count": 1,
    "self": 0.0046137480003380915,
    "children": {
        "run_training.setup": {
            "total": 0.010621192999678897,
            "count": 1,
            "self": 0.010621192999678897
        },
        "TrainerController.start_learning": {
            "total": 91.64210850100062,
            "count": 1,
            "self": 0.010664604013072676,
            "children": {
                "TrainerController._reset_env": {
                    "total": 8.528975825000089,
                    "count": 1,
                    "self": 8.528975825000089
                },
                "TrainerController.advance": {
                    "total": 82.88888668798973,
                    "count": 667,
                    "self": 0.01064050598142785,
                    "children": {
                        "env_step": {
                            "total": 79.91058260400678,
                            "count": 667,
                            "self": 77.85752593602774,
                            "children": {
                                "SubprocessEnvManager._take_step": {
                                    "total": 2.047177452031974,
                                    "count": 667,
                                    "self": 0.030616174033639254,
                                    "children": {
                                        "TorchPolicy.evaluate": {
                                            "total": 2.016561277998335,
                                            "count": 667,
                                            "self": 0.24002733198540227,
                                            "children": {
                                                "TorchPolicy.sample_actions": {
                                                    "total": 1.7765339460129326,
                                                    "count": 667,
                                                    "self": 1.7765339460129326
                                                }
                                            }
                                        }
                                    }
                                },
                                "workers": {
                                    "total": 0.0058792159470613115,
                                    "count": 666,
                                    "self": 0.0,
                                    "children": {
                                        "worker_root": {
                                            "total": 35.970683666000696,
                                            "count": 666,
                                            "is_parallel": true,
                                            "self": 14.200262323980496,
                                            "children": {
                                                "run_training.setup": {
                                                    "total": 0.0,
                                                    "count": 0,
                                                    "is_parallel": true,
                                                    "self": 0.0,
                                                    "children": {
                                                        "steps_from_proto": {
                                                            "total": 0.0008868770000844961,
                                                            "count": 1,
                                                            "is_parallel": true,
                                                            "self": 0.00035601400122686755,
                                                            "children": {
                                                                "_process_rank_one_or_two_observation": {
                                                                    "total": 0.0005308629988576286,
                                                                    "count": 2,
                                                                    "is_parallel": true,
                                                                    "self": 0.0005308629988576286
                                                                }
                                                            }
                                                        },
                                                        "UnityEnvironment.step": {
                                                            "total": 0.020132171999648563,
                                                            "count": 1,
                                                            "is_parallel": true,
                                                            "self": 0.00016980899818008766,
                                                            "children": {
                                                                "UnityEnvironment._generate_step_input": {
                                                                    "total": 0.0002383760001976043,
                                                                    "count": 1,
                                                                    "is_parallel": true,
                                                                    "self": 0.0002383760001976043
                                                                },
                                                                "communicator.exchange": {
                                                                    "total": 0.019093830000201706,
                                                                    "count": 1,
                                                                    "is_parallel": true,
                                                                    "self": 0.019093830000201706
                                                                },
                                                                "steps_from_proto": {
                                                                    "total": 0.0006301570010691648,
                                                                    "count": 1,
                                                                    "is_parallel": true,
                                                                    "self": 0.00021008000112487935,
                                                                    "children": {
                                                                        "_process_rank_one_or_two_observation": {
                                                                            "total": 0.0004200769999442855,
                                                                            "count": 2,
                                                                            "is_parallel": true,