{
    "name": "root",
    "gauges": {
        "BoatAgent.Policy.Entropy.mean": {
            "value": -1.3886804595131252e-08,
            "min": -1.5316996382352954e-07,
            "max": 0.046074237674474716,
            "count": 15
        },
        "BoatAgent.Policy.Entropy.sum": {
            "value": -0.00013922910147812217,
            "min": -0.0015356821240857244,
            "max": 461.9403076171875,
            "count": 15
        },
        "BoatAgent.Step.mean": {
            "value": 149980.0,
            "min": 9962.0,
            "max": 149980.0,
            "count": 15
        },
        "BoatAgent.Step.sum": {
            "value": 149980.0,
            "min": 9962.0,
            "max": 149980.0,
            "count": 15
        },
        "BoatAgent.Policy.ExtrinsicValueEstimate.mean": {
            "value": 0.04579651355743408,
            "min": -1.6405017375946045,
            "max": 19.08850860595703,
            "count": 15
        },
        "BoatAgent.Policy.ExtrinsicValueEstimate.sum": {
            "value": 7.419034957885742,
            "min": -264.12078857421875,
            "max": 3149.60400390625,
            "count": 15
        },
        "BoatAgent.Policy.CuriosityValueEstimate.mean": {
            "value": 0.1621272712945938,
            "min": 0.1621272712945938,
            "max": 83.04826354980469,
            "count": 15
        },
        "BoatAgent.Policy.CuriosityValueEstimate.sum": {
            "value": 26.264617919921875,
            "min": 26.264617919921875,
            "max": 13786.01171875,
            "count": 15
        },
        "BoatAgent.Environment.EpisodeLength.mean": {
            "value": 1574.0,
            "min": 858.0909090909091,
            "max": 1770.4285714285713,
            "count": 15
        },
        "BoatAgent.Environment.EpisodeLength.sum": {
            "value": 9444.0,
            "min": 8541.0,
            "max": 12592.0,
            "count": 15
        },
        "BoatAgent.Environment.CumulativeReward.mean": {
            "value": 2.7256276219462356,
            "min": 0.4089547929946672,
            "max": 2.7850230038166046,
            "count": 15
        },
        "BoatAgent.Environment.CumulativeReward.sum": {
            "value": 16.353765731677413,
            "min": 4.498502722941339,
            "max": 21.79390868730843,
            "count": 15
        },
        "BoatAgent.Policy.ExtrinsicReward.mean": {
            "value": 2.7256276219462356,
            "min": 0.4089547929946672,
            "max": 2.7850230038166046,
            "count": 15
        },
        "BoatAgent.Policy.ExtrinsicReward.sum": {
            "value": 16.353765731677413,
            "min": 4.498502722941339,
            "max": 21.79390868730843,
            "count": 15
        },
        "BoatAgent.Policy.CuriosityReward.mean": {
            "value": 0.7625636927162608,
            "min": 0.7625636927162608,
            "max": 918.4309437010023,
            "count": 15
        },
        "BoatAgent.Policy.CuriosityReward.sum": {
            "value": 4.5753821562975645,
            "min": 4.5753821562975645,
            "max": 9287.982282400131,
            "count": 15
        },
        "BoatAgent.Losses.PolicyLoss.mean": {
            "value": 0.06597304872573458,
            "min": 0.05917598239223783,
            "max": 0.21979955723509192,
            "count": 15
        },
        "BoatAgent.Losses.PolicyLoss.sum": {
            "value": 0.19791914617720371,
            "min": 0.11835196478447566,
            "max": 0.43959911447018385,
            "count": 15
        },
        "BoatAgent.Losses.ValueLoss.mean": {
            "value": 0.00681021464616707,
            "min": 0.00681021464616707,
            "max": 124.10294120013714,
            "count": 15
        },
        "BoatAgent.Losses.ValueLoss.sum": {
            "value": 0.02043064393850121,
            "min": 0.013934856969475124,
            "max": 248.20588240027428,
            "count": 15
        },
        "BoatAgent.Policy.LearningRate.mean": {
            "value": 0.0003,
            "min": 0.0003,
            "max": 0.0003,
            "count": 15
        },
        "BoatAgent.Policy.LearningRate.sum": {
            "value": 0.0009,
            "min": 0.0006,
            "max": 0.0009,
            "count": 15
        },
        "BoatAgent.Policy.Epsilon.mean": {
            "value": 0.19999999999999998,
            "min": 0.19999999999999998,
            "max": 0.19999999999999998,
            "count": 15
        },
        "BoatAgent.Policy.Epsilon.sum": {
            "value": 0.6,
            "min": 0.39999999999999997,
            "max": 0.6,
            "count": 15
        },
        "BoatAgent.Policy.Beta.mean": {
            "value": 0.0005000000000000001,
            "min": 0.0005000000000000001,
            "max": 0.0005000000000000001,
            "count": 15
        },
        "BoatAgent.Policy.Beta.sum": {
            "value": 0.0015000000000000005,
            "min": 0.0010000000000000002,
            "max": 0.0015000000000000005,
            "count": 15
        },
        "BoatAgent.Losses.CuriosityForwardLoss.mean": {
            "value": 0.009552780335070565,
            "min": 0.009552780335070565,
            "max": 31702.882201353706,
            "count": 15
        },
        "BoatAgent.Losses.CuriosityForwardLoss.sum": {
            "value": 0.028658341005211696,
            "min": 0.01945766296800381,
            "max": 63405.76440270741,
            "count": 15
        },
        "BoatAgent.Losses.CuriosityInverseLoss.mean": {
            "value": 0.0025628506490546796,
            "min": 0.0018612270074903254,
            "max": 11.573364026301231,
            "count": 15
        },
        "BoatAgent.Losses.CuriosityInverseLoss.sum": {
            "value": 0.007688551947164038,
            "min": 0.003722454014980651,
            "max": 23.146728052602462,
            "count": 15
        },
        "BoatAgent.IsTraining.mean": {
            "value": 1.0,
            "min": 1.0,
            "max": 1.0,
            "count": 15
        },
        "BoatAgent.IsTraining.sum": {
            "value": 1.0,
            "min": 1.0,
            "max": 1.0,
            "count": 15
        }
    },
    "metadata": {
        "timer_format_version": "0.1.0",
        "start_time_seconds": "1699026165",
        "python_version": "3.6.13 |Anaconda, Inc.| (default, Jun  4 2021, 14:25:59) \n[GCC 7.5.0]",
        "command_line_arguments": "/home/joshua/miniconda3/envs/ai_boat/bin/mlagents-learn config/boatAgent.yaml --run-id=kiteboat_23",
        "mlagents_version": "0.26.0",
        "mlagents_envs_version": "0.26.0",
        "communication_protocol_version": "1.5.0",
        "pytorch_version": "1.8.1+cu102",
        "numpy_version": "1.19.5",
        "end_time_seconds": "1699027088"
    },
    "total": 923.3762655009996,
    "count": 1,
    "self": 0.00797577900084434,
    "children": {
        "run_training.setup": {
            "total": 0.011867782999615883,
            "count": 1,
            "self": 0.011867782999615883
        },
        "TrainerController.start_learning": {
            "total": 923.3564219389991,
            "count": 1,
            "self": 2.3077460822496505,
            "children": {
                "TrainerController._reset_env": {
                    "total": 22.698509305999323,
                    "count": 1,
                    "self": 22.698509305999323
                },
                "TrainerController.advance": {
                    "total": 898.2449243517476,
                    "count": 158651,
                    "self": 2.331719977853936,
                    "children": {
                        "env_step": {
                            "total": 810.7110736873692,
                            "count": 158651,
                            "self": 545.0530188016091,