{
    "name": "root",
    "gauges": {
        "BoatAgent.Policy.Entropy.mean": {
            "value": 1.4867218732833862,
            "min": 1.106034278869629,
            "max": 1.4867218732833862,
            "count": 3
        },
        "BoatAgent.Policy.Entropy.sum": {
            "value": 14867.21875,
            "min": 11060.3427734375,
            "max": 14867.21875,
            "count": 3
        },
        "BoatAgent.Step.mean": {
            "value": 29999.0,
            "min": 9999.0,
            "max": 29999.0,
            "count": 3
        },
        "BoatAgent.Step.sum": {
            "value": 29999.0,
            "min": 9999.0,
            "max": 29999.0,
            "count": 3
        },
        "BoatAgent.Policy.ExtrinsicValueEstimate.mean": {
            "value": -15713.9716796875,
            "min": -15713.9716796875,
            "max": -3068.05224609375,
            "count": 3
        },
        "BoatAgent.Policy.ExtrinsicValueEstimate.sum": {
            "value": -2514235.5,
            "min": -2514235.5,
            "max": -490888.375,
            "count": 3
        },
        "BoatAgent.Policy.CuriosityValueEstimate.mean": {
            "value": 11.72459602355957,
            "min": 3.129734754562378,
            "max": 63.57954788208008,
            "count": 3
        },
        "BoatAgent.Policy.CuriosityValueEstimate.sum": {
            "value": 1875.9354248046875,
            "min": 500.757568359375,
            "max": 10172.7275390625,
            "count": 3
        },
        "BoatAgent.Environment.EpisodeLength.mean": {
            "value": 2499.0,
            "min": 2498.75,
            "max": 2499.0,
            "count": 3
        },
        "BoatAgent.Environment.EpisodeLength.sum": {
            "value": 9996.0,
            "min": 9995.0,
            "max": 9996.0,
            "count": 3
        },
        "BoatAgent.Environment.CumulativeReward.mean": {
            "value": -386093.37074387074,
            "min": -647100.440174818,
            "max": -386093.37074387074,
            "count": 3
        },
        "BoatAgent.Environment.CumulativeReward.sum": {
            "value": -1544373.482975483,
            "min": -2588401.760699272,
            "max": -1544373.482975483,
            "count": 3
        },
        "BoatAgent.Policy.ExtrinsicReward.mean": {
            "value": -386093.37074387074,
            "min": -647100.440174818,
            "max": -386093.37074387074,
            "count": 3
        },
        "BoatAgent.Policy.ExtrinsicReward.sum": {
            "value": -1544373.482975483,
            "min": -2588401.760699272,
            "max": -1544373.482975483,
            "count": 3
        },
        "BoatAgent.Policy.CuriosityReward.mean": {
            "value": 1305.7055527176708,
            "min": 1292.3373475074768,
            "max": 1678.7629080414772,
            "count": 3
        },
        "BoatAgent.Policy.CuriosityReward.sum": {
            "value": 5222.822210870683,
            "min": 5169.349390029907,
            "max": 6715.051632165909,
            "count": 3
        },
        "BoatAgent.Losses.PolicyLoss.mean": {
            "value": 0.07069833067448093,
            "min": 0.0688092893611459,
            "max": 0.07162303860764041,
            "count": 3
        },
        "BoatAgent.Losses.PolicyLoss.sum": {
            "value": 0.21209499202344279,
            "min": 0.1376185787222918,
            "max": 0.21209499202344279,
            "count": 3
        },
        "BoatAgent.Losses.ValueLoss.mean": {
            "value": 7389104.621310764,
            "min": 5575552.373046875,
            "max": 10046875.80859375,
            "count": 3
        },
        "BoatAgent.Losses.ValueLoss.sum": {
            "value": 22167313.863932293,
            "min": 11151104.74609375,
            "max": 22167313.863932293,
            "count": 3
        },
        "BoatAgent.Policy.LearningRate.mean": {
            "value": 0.0003,
            "min": 0.0003,
            "max": 0.0003,
            "count": 3
        },
        "BoatAgent.Policy.LearningRate.sum": {
            "value": 0.0009,
            "min": 0.0006,
            "max": 0.0009,
            "count": 3
        },
        "BoatAgent.Policy.Epsilon.mean": {
            "value": 0.19999999999999998,
            "min": 0.19999999999999998,
            "max": 0.19999999999999998,
            "count": 3
        },
        "BoatAgent.Policy.Epsilon.sum": {
            "value": 0.6,
            "min": 0.39999999999999997,
            "max": 0.6,
            "count": 3
        },
        "BoatAgent.Policy.Beta.mean": {
            "value": 0.0005000000000000001,
            "min": 0.0005000000000000001,
            "max": 0.0005000000000000001,
            "count": 3
        },
        "BoatAgent.Policy.Beta.sum": {
            "value": 0.0015000000000000005,
            "min": 0.0010000000000000002,
            "max": 0.0015000000000000005,
            "count": 3
        },
        "BoatAgent.Losses.CuriosityForwardLoss.mean": {
            "value": 99.54135259282258,
            "min": 13.489870615303516,
            "max": 3401.899064620336,
            "count": 3
        },
        "BoatAgent.Losses.CuriosityForwardLoss.sum": {
            "value": 298.6240577784677,
            "min": 26.979741230607033,
            "max": 6803.798129240672,
            "count": 3
        },
        "BoatAgent.Losses.CuriosityInverseLoss.mean": {
            "value": 1.5605801625384226,
            "min": 1.2679692972451448,
            "max": 3.262315564478437,
            "count": 3
        },
        "BoatAgent.Losses.CuriosityInverseLoss.sum": {
            "value": 4.681740487615268,
            "min": 2.5359385944902897,
            "max": 6.524631128956874,
            "count": 3
        },
        "BoatAgent.IsTraining.mean": {
            "value": 1.0,
            "min": 1.0,
            "max": 1.0,
            "count": 3
        },
        "BoatAgent.IsTraining.sum": {
            "value": 1.0,
            "min": 1.0,
            "max": 1.0,
            "count": 3
        }
    },
    "metadata": {
        "timer_format_version": "0.1.0",
        "start_time_seconds": "1697746620",
        "python_version": "3.6.13 |Anaconda, Inc.| (default, Jun  4 2021, 14:25:59) \n[GCC 7.5.0]",
        "command_line_arguments": "/home/joshua/miniconda3/envs/ai_boat/bin/mlagents-learn config/boatAgent.yaml --run-id=1stgo_nav_22",
        "mlagents_version": "0.26.0",
        "mlagents_envs_version": "0.26.0",
        "communication_protocol_version": "1.5.0",
        "pytorch_version": "1.8.1+cu102",
        "numpy_version": "1.19.5",
        "end_time_seconds": "1697746906"
    },
    "total": 285.41916197299724,
    "count": 1,
    "self": 0.0048690629919292405,
    "children": {
        "run_training.setup": {
            "total": 0.01053691500419518,
            "count": 1,
            "self": 0.01053691500419518
        },
        "TrainerController.start_learning": {
            "total": 285.4037559950011,
            "count": 1,
            "self": 0.496570576018712,
            "children": {
                "TrainerController._reset_env": {
                    "total": 55.313087078000535,
                    "count": 1,
                    "self": 55.313087078000535
                },
                "TrainerController.advance": {
                    "total": 229.45522462998633,
                    "count": 33201,
                    "self": 0.5098951425170526,
                    "children": {
                        "env_step": {
                            "total": 210.13376457186678,
                            "count": 33201,
                            "self": 140.1236685541444,
                            "children": {
                                "SubprocessEnvManager._take_step": {
                                    "total": 69.69188552019477,
                                    "count": 33201,