{
    "name": "root",
    "metadata": {
        "timer_format_version": "0.1.0",
        "start_time_seconds": "1697714864",
        "python_version": "3.6.13 |Anaconda, Inc.| (default, Jun  4 2021, 14:25:59) \n[GCC 7.5.0]",
        "command_line_arguments": "/home/joshua/miniconda3/envs/ai_boat/bin/mlagents-learn config/boatAgent.yaml --run-id=2nd_go_10",
        "mlagents_version": "0.26.0",
        "mlagents_envs_version": "0.26.0",
        "communication_protocol_version": "1.5.0",
        "pytorch_version": "1.8.1+cu102",
        "numpy_version": "1.19.5",
        "end_time_seconds": "1697714885"
    },
    "total": 21.60156738600017,
    "count": 1,
    "self": 0.004390142001284403,
    "children": {
        "run_training.setup": {
            "total": 0.010478490999958012,
            "count": 1,
            "self": 0.010478490999958012
        },
        "TrainerController.start_learning": {
            "total": 21.586698752998927,
            "count": 1,
            "self": 0.02644866302398441,
            "children": {
                "TrainerController._reset_env": {
                    "total": 8.185457826999482,
                    "count": 1,
                    "self": 8.185457826999482
                },
                "TrainerController.advance": {
                    "total": 13.283827632976681,
                    "count": 1784,
                    "self": 0.02600013598203077,
                    "children": {
                        "env_step": {
                            "total": 13.075114058017789,
                            "count": 1784,
                            "self": 10.05821796899545,
                            "children": {
                                "SubprocessEnvManager._take_step": {
                                    "total": 3.0015712169970357,
                                    "count": 1784,
                                    "self": 0.07793798095735838,
                                    "children": {
                                        "TorchPolicy.evaluate": {
                                            "total": 2.9236332360396773,
                                            "count": 1784,
                                            "self": 0.8551689370215172,
                                            "children": {
                                                "TorchPolicy.sample_actions": {
                                                    "total": 2.06846429901816,
                                                    "count": 1784,
                                                    "self": 2.06846429901816
                                                }
                                            }
                                        }
                                    }
                                },
                                "workers": {
                                    "total": 0.015324872025303193,
                                    "count": 1783,
                                    "self": 0.0,
                                    "children": {
                                        "worker_root": {
                                            "total": 21.453704209990974,
                                            "count": 1783,
                                            "is_parallel": true,
                                            "self": 12.515825327978746,
                                            "children": {
                                                "run_training.setup": {
                                                    "total": 0.0,
                                                    "count": 0,
                                                    "is_parallel": true,
                                                    "self": 0.0,
                                                    "children": {
                                                        "steps_from_proto": {
                                                            "total": 0.0005051669995737029,
                                                            "count": 1,
                                                            "is_parallel": true,
                                                            "self": 0.0002466260011715349,
                                                            "children": {
                                                                "_process_rank_one_or_two_observation": {
                                                                    "total": 0.00025854099840216804,
                                                                    "count": 2,
                                                                    "is_parallel": true,
                                                                    "self": 0.00025854099840216804
                                                                }
                                                            }
                                                        },
                                                        "UnityEnvironment.step": {
                                                            "total": 0.017124419000538182,
                                                            "count": 1,
                                                            "is_parallel": true,
                                                            "self": 6.992499947955366e-05,
                                                            "children": {
                                                                "UnityEnvironment._generate_step_input": {
                                                                    "total": 8.787499973550439e-05,
                                                                    "count": 1,
                                                                    "is_parallel": true,
                                                                    "self": 8.787499973550439e-05
                                                                },
                                                                "communicator.exchange": {
                                                                    "total": 0.016746643999795197,
                                                                    "count": 1,
                                                                    "is_parallel": true,
                                                                    "self": 0.016746643999795197
                                                                },
                                                                "steps_from_proto": {
                                                                    "total": 0.00021997500152792782,
                                                                    "count": 1,
                                                                    "is_parallel": true,
                                                                    "self": 0.0001350720012851525,
                                                                    "children": {
                                                                        "_process_rank_one_or_two_observation": {
                                                                            "total": 8.49030002427753e-05,
                                                                            "count": 2,
                                                                            "is_parallel": true,