{
    "name": "root",
    "metadata": {
        "timer_format_version": "0.1.0",
        "start_time_seconds": "1697713735",
        "python_version": "3.6.13 |Anaconda, Inc.| (default, Jun  4 2021, 14:25:59) \n[GCC 7.5.0]",
        "command_line_arguments": "/home/joshua/miniconda3/envs/ai_boat/bin/mlagents-learn config/boatAgent.yaml --run-id=2nd_go_3",
        "mlagents_version": "0.26.0",
        "mlagents_envs_version": "0.26.0",
        "communication_protocol_version": "1.5.0",
        "pytorch_version": "1.8.1+cu102",
        "numpy_version": "1.19.5",
        "end_time_seconds": "1697713832"
    },
    "total": 96.7168861150003,
    "count": 1,
    "self": 0.004273421001926181,
    "children": {
        "run_training.setup": {
            "total": 0.01163327199901687,
            "count": 1,
            "self": 0.01163327199901687
        },
        "TrainerController.start_learning": {
            "total": 96.70097942199936,
            "count": 1,
            "self": 0.16902165207648068,
            "children": {
                "TrainerController._reset_env": {
                    "total": 11.28104691199951,
                    "count": 1,
                    "self": 11.28104691199951
                },
                "TrainerController.advance": {
                    "total": 85.14549798992266,
                    "count": 11684,
                    "self": 0.16203813998799887,
                    "children": {
                        "env_step": {
                            "total": 80.24354908307396,
                            "count": 11684,
                            "self": 61.4498951010828,
                            "children": {
                                "SubprocessEnvManager._take_step": {
                                    "total": 18.69416918704883,
                                    "count": 11684,
                                    "self": 0.49591899009465124,
                                    "children": {
                                        "TorchPolicy.evaluate": {
                                            "total": 18.198250196954177,
                                            "count": 11684,
                                            "self": 5.248670484867034,
                                            "children": {
                                                "TorchPolicy.sample_actions": {
                                                    "total": 12.949579712087143,
                                                    "count": 11684,
                                                    "self": 12.949579712087143
                                                }
                                            }
                                        }
                                    }
                                },
                                "workers": {
                                    "total": 0.09948479494232743,
                                    "count": 11683,
                                    "self": 0.0,
                                    "children": {
                                        "worker_root": {
                                            "total": 96.35219235198565,
                                            "count": 11683,
                                            "is_parallel": true,
                                            "self": 41.83344280695201,
                                            "children": {
                                                "run_training.setup": {
                                                    "total": 0.0,
                                                    "count": 0,
                                                    "is_parallel": true,
                                                    "self": 0.0,
                                                    "children": {
                                                        "steps_from_proto": {
                                                            "total": 0.0004966430005879374,
                                                            "count": 1,
                                                            "is_parallel": true,
                                                            "self": 0.00024379500064242166,
                                                            "children": {
                                                                "_process_rank_one_or_two_observation": {
                                                                    "total": 0.00025284799994551577,
                                                                    "count": 2,
                                                                    "is_parallel": true,
                                                                    "self": 0.00025284799994551577
                                                                }
                                                            }
                                                        },
                                                        "UnityEnvironment.step": {
                                                            "total": 0.01591342500069004,
                                                            "count": 1,
                                                            "is_parallel": true,
                                                            "self": 8.216499918489717e-05,
                                                            "children": {
                                                                "UnityEnvironment._generate_step_input": {
                                                                    "total": 0.00010171000030823052,
                                                                    "count": 1,
                                                                    "is_parallel": true,
                                                                    "self": 0.00010171000030823052
                                                                },
                                                                "communicator.exchange": {
                                                                    "total": 0.015524952001214842,
                                                                    "count": 1,
                                                                    "is_parallel": true,
                                                                    "self": 0.015524952001214842
                                                                },
                                                                "steps_from_proto": {
                                                                    "total": 0.00020459799998207018,
                                                                    "count": 1,
                                                                    "is_parallel": true,
                                                                    "self": 0.00012765999963448849,
                                                                    "children": {
                                                                        "_process_rank_one_or_two_observation": {
                                                                            "total": 7.693800034758169e-05,
                                                                            "count": 2,
                                                                            "is_parallel": true,