{
    "name": "root",
    "metadata": {
        "timer_format_version": "0.1.0",
        "start_time_seconds": "1699025076",
        "python_version": "3.6.13 |Anaconda, Inc.| (default, Jun  4 2021, 14:25:59) \n[GCC 7.5.0]",
        "command_line_arguments": "/home/joshua/miniconda3/envs/ai_boat/bin/mlagents-learn config/boatAgent.yaml --run-id=kiteboat_19",
        "mlagents_version": "0.26.0",
        "mlagents_envs_version": "0.26.0",
        "communication_protocol_version": "1.5.0",
        "pytorch_version": "1.8.1+cu102",
        "numpy_version": "1.19.5",
        "end_time_seconds": "1699025154"
    },
    "total": 77.73631807300262,
    "count": 1,
    "self": 0.004558706004900159,
    "children": {
        "run_training.setup": {
            "total": 0.016100360997370444,
            "count": 1,
            "self": 0.016100360997370444
        },
        "TrainerController.start_learning": {
            "total": 77.71565900600035,
            "count": 1,
            "self": 0.12703765134210698,
            "children": {
                "TrainerController._reset_env": {
                    "total": 25.584632971997053,
                    "count": 1,
                    "self": 25.584632971997053
                },
                "TrainerController.advance": {
                    "total": 51.897803804662544,
                    "count": 8280,
                    "self": 0.1274979583613458,
                    "children": {
                        "env_step": {
                            "total": 47.21619331216425,
                            "count": 8280,
                            "self": 32.985364273248706,
                            "children": {
                                "SubprocessEnvManager._take_step": {
                                    "total": 14.155601438029407,
                                    "count": 8280,
                                    "self": 0.3705239490773238,
                                    "children": {
                                        "TorchPolicy.evaluate": {
                                            "total": 13.785077488952084,
                                            "count": 8267,
                                            "self": 3.109653920877463,
                                            "children": {
                                                "TorchPolicy.sample_actions": {
                                                    "total": 10.67542356807462,
                                                    "count": 8267,
                                                    "self": 10.67542356807462
                                                }
                                            }
                                        }
                                    }
                                },
                                "workers": {
                                    "total": 0.07522760088613722,
                                    "count": 8279,
                                    "self": 0.0,
                                    "children": {
                                        "worker_root": {
                                            "total": 77.43398891006655,
                                            "count": 8279,
                                            "is_parallel": true,
                                            "self": 49.57466496498091,
                                            "children": {
                                                "run_training.setup": {
                                                    "total": 0.0,
                                                    "count": 0,
                                                    "is_parallel": true,
                                                    "self": 0.0,
                                                    "children": {
                                                        "steps_from_proto": {
                                                            "total": 0.0006331349977699574,
                                                            "count": 1,
                                                            "is_parallel": true,
                                                            "self": 0.00027966399647993967,
                                                            "children": {
                                                                "_process_rank_one_or_two_observation": {
                                                                    "total": 0.00035347100129001774,
                                                                    "count": 2,
                                                                    "is_parallel": true,
                                                                    "self": 0.00035347100129001774
                                                                }
                                                            }
                                                        },
                                                        "UnityEnvironment.step": {
                                                            "total": 0.01385878099972615,
                                                            "count": 1,
                                                            "is_parallel": true,
                                                            "self": 7.912099681561813e-05,
                                                            "children": {
                                                                "UnityEnvironment._generate_step_input": {
                                                                    "total": 9.442300142836757e-05,
                                                                    "count": 1,
                                                                    "is_parallel": true,
                                                                    "self": 9.442300142836757e-05
                                                                },
                                                                "communicator.exchange": {
                                                                    "total": 0.013383057001192356,
                                                                    "count": 1,
                                                                    "is_parallel": true,
                                                                    "self": 0.013383057001192356
                                                                },
                                                                "steps_from_proto": {
                                                                    "total": 0.00030218000028980896,
                                                                    "count": 1,
                                                                    "is_parallel": true,
                                                                    "self": 0.00016417200095020235,
                                                                    "children": {
                                                                        "_process_rank_one_or_two_observation": {
                                                                            "total": 0.0001380079993396066,
                                                                            "count": 2,
                                                                            "is_parallel": true,