{
    "name": "root",
    "metadata": {
        "timer_format_version": "0.1.0",
        "start_time_seconds": "1699017881",
        "python_version": "3.6.13 |Anaconda, Inc.| (default, Jun  4 2021, 14:25:59) \n[GCC 7.5.0]",
        "command_line_arguments": "/home/joshua/miniconda3/envs/ai_boat/bin/mlagents-learn config/boatAgent.yaml --run-id=kiteboat_7",
        "mlagents_version": "0.26.0",
        "mlagents_envs_version": "0.26.0",
        "communication_protocol_version": "1.5.0",
        "pytorch_version": "1.8.1+cu102",
        "numpy_version": "1.19.5",
        "end_time_seconds": "1699017917"
    },
    "total": 36.231052696000916,
    "count": 1,
    "self": 0.005294340000546072,
    "children": {
        "run_training.setup": {
            "total": 0.015238996000334737,
            "count": 1,
            "self": 0.015238996000334737
        },
        "TrainerController.start_learning": {
            "total": 36.210519360000035,
            "count": 1,
            "self": 0.06415582996305602,
            "children": {
                "TrainerController._reset_env": {
                    "total": 11.303550762000668,
                    "count": 1,
                    "self": 11.303550762000668
                },
                "TrainerController.advance": {
                    "total": 24.71088788603811,
                    "count": 4167,
                    "self": 0.06426910292975663,
                    "children": {
                        "env_step": {
                            "total": 22.262975758098037,
                            "count": 4167,
                            "self": 15.06617461404312,
                            "children": {
                                "SubprocessEnvManager._take_step": {
                                    "total": 7.159981150045496,
                                    "count": 4167,
                                    "self": 0.18779444809661072,
                                    "children": {
                                        "TorchPolicy.evaluate": {
                                            "total": 6.9721867019488855,
                                            "count": 4167,
                                            "self": 1.5661179649741825,
                                            "children": {
                                                "TorchPolicy.sample_actions": {
                                                    "total": 5.406068736974703,
                                                    "count": 4167,
                                                    "self": 5.406068736974703
                                                }
                                            }
                                        }
                                    }
                                },
                                "workers": {
                                    "total": 0.03681999400942004,
                                    "count": 4166,
                                    "self": 0.0,
                                    "children": {
                                        "worker_root": {
                                            "total": 35.87274060494201,
                                            "count": 4166,
                                            "is_parallel": true,
                                            "self": 23.507038056923193,
                                            "children": {
                                                "run_training.setup": {
                                                    "total": 0.0,
                                                    "count": 0,
                                                    "is_parallel": true,
                                                    "self": 0.0,
                                                    "children": {
                                                        "steps_from_proto": {
                                                            "total": 0.0005923219996475382,
                                                            "count": 1,
                                                            "is_parallel": true,
                                                            "self": 0.00027817999944090843,
                                                            "children": {
                                                                "_process_rank_one_or_two_observation": {
                                                                    "total": 0.00031414200020662975,
                                                                    "count": 2,
                                                                    "is_parallel": true,
                                                                    "self": 0.00031414200020662975
                                                                }
                                                            }
                                                        },
                                                        "UnityEnvironment.step": {
                                                            "total": 0.023642777001441573,
                                                            "count": 1,
                                                            "is_parallel": true,
                                                            "self": 7.613000161654782e-05,
                                                            "children": {
                                                                "UnityEnvironment._generate_step_input": {
                                                                    "total": 8.608999996795319e-05,
                                                                    "count": 1,
                                                                    "is_parallel": true,
                                                                    "self": 8.608999996795319e-05
                                                                },
                                                                "communicator.exchange": {
                                                                    "total": 0.02319995200014091,
                                                                    "count": 1,
                                                                    "is_parallel": true,
                                                                    "self": 0.02319995200014091
                                                                },
                                                                "steps_from_proto": {
                                                                    "total": 0.0002806049997161608,
                                                                    "count": 1,
                                                                    "is_parallel": true,
                                                                    "self": 0.00014537399874825496,
                                                                    "children": {
                                                                        "_process_rank_one_or_two_observation": {
                                                                            "total": 0.00013523100096790586,
                                                                            "count": 2,
                                                                            "is_parallel": true,