{
    "name": "root",
    "gauges": {
        "BoatAgent.Policy.Entropy.mean": {
            "value": 5.319882392883301,
            "min": 5.319882392883301,
            "max": 5.319882392883301,
            "count": 1
        },
        "BoatAgent.Policy.Entropy.sum": {
            "value": 53502.05859375,
            "min": 53502.05859375,
            "max": 53502.05859375,
            "count": 1
        },
        "BoatAgent.Step.mean": {
            "value": 9993.0,
            "min": 9993.0,
            "max": 9993.0,
            "count": 1
        },
        "BoatAgent.Step.sum": {
            "value": 9993.0,
            "min": 9993.0,
            "max": 9993.0,
            "count": 1
        },
        "BoatAgent.Policy.ExtrinsicValueEstimate.mean": {
            "value": -17.20758056640625,
            "min": -17.20758056640625,
            "max": -17.20758056640625,
            "count": 1
        },
        "BoatAgent.Policy.ExtrinsicValueEstimate.sum": {
            "value": -2718.7978515625,
            "min": -2718.7978515625,
            "max": -2718.7978515625,
            "count": 1
        },
        "BoatAgent.Policy.CuriosityValueEstimate.mean": {
            "value": 0.4499567747116089,
            "min": 0.4499567747116089,
            "max": 0.4499567747116089,
            "count": 1
        },
        "BoatAgent.Policy.CuriosityValueEstimate.sum": {
            "value": 71.09317016601562,
            "min": 71.09317016601562,
            "max": 71.09317016601562,
            "count": 1
        },
        "BoatAgent.Environment.EpisodeLength.mean": {
            "value": 2924.6666666666665,
            "min": 2924.6666666666665,
            "max": 2924.6666666666665,
            "count": 1
        },
        "BoatAgent.Environment.EpisodeLength.sum": {
            "value": 8774.0,
            "min": 8774.0,
            "max": 8774.0,
            "count": 1
        },
        "BoatAgent.Environment.CumulativeReward.mean": {
            "value": -5004.944138924281,
            "min": -5004.944138924281,
            "max": -5004.944138924281,
            "count": 1
        },
        "BoatAgent.Environment.CumulativeReward.sum": {
            "value": -15014.832416772842,
            "min": -15014.832416772842,
            "max": -15014.832416772842,
            "count": 1
        },
        "BoatAgent.Policy.ExtrinsicReward.mean": {
            "value": -5004.944138924281,
            "min": -5004.944138924281,
            "max": -5004.944138924281,
            "count": 1
        },
        "BoatAgent.Policy.ExtrinsicReward.sum": {
            "value": -15014.832416772842,
            "min": -15014.832416772842,
            "max": -15014.832416772842,
            "count": 1
        },
        "BoatAgent.Policy.CuriosityReward.mean": {
            "value": 753.8883469899496,
            "min": 753.8883469899496,
            "max": 753.8883469899496,
            "count": 1
        },
        "BoatAgent.Policy.CuriosityReward.sum": {
            "value": 2261.6650409698486,
            "min": 2261.6650409698486,
            "max": 2261.6650409698486,
            "count": 1
        },
        "BoatAgent.Losses.PolicyLoss.mean": {
            "value": 0.06405850711356227,
            "min": 0.06405850711356227,
            "max": 0.06405850711356227,
            "count": 1
        },
        "BoatAgent.Losses.PolicyLoss.sum": {
            "value": 0.12811701422712454,
            "min": 0.12811701422712454,
            "max": 0.12811701422712454,
            "count": 1
        },
        "BoatAgent.Losses.ValueLoss.mean": {
            "value": 1051.0078452428183,
            "min": 1051.0078452428183,
            "max": 1051.0078452428183,
            "count": 1
        },
        "BoatAgent.Losses.ValueLoss.sum": {
            "value": 2102.0156904856367,
            "min": 2102.0156904856367,
            "max": 2102.0156904856367,
            "count": 1
        },
        "BoatAgent.Policy.LearningRate.mean": {
            "value": 0.0003,
            "min": 0.0003,
            "max": 0.0003,
            "count": 1
        },
        "BoatAgent.Policy.LearningRate.sum": {
            "value": 0.0006,
            "min": 0.0006,
            "max": 0.0006,
            "count": 1
        },
        "BoatAgent.Policy.Epsilon.mean": {
            "value": 0.19999999999999998,
            "min": 0.19999999999999998,
            "max": 0.19999999999999998,
            "count": 1
        },
        "BoatAgent.Policy.Epsilon.sum": {
            "value": 0.39999999999999997,
            "min": 0.39999999999999997,
            "max": 0.39999999999999997,
            "count": 1
        },
        "BoatAgent.Policy.Beta.mean": {
            "value": 0.0005000000000000001,
            "min": 0.0005000000000000001,
            "max": 0.0005000000000000001,
            "count": 1
        },
        "BoatAgent.Policy.Beta.sum": {
            "value": 0.0010000000000000002,
            "min": 0.0010000000000000002,
            "max": 0.0010000000000000002,
            "count": 1
        },
        "BoatAgent.Losses.CuriosityForwardLoss.mean": {
            "value": 166.09127199898163,
            "min": 166.09127199898163,
            "max": 166.09127199898163,
            "count": 1
        },
        "BoatAgent.Losses.CuriosityForwardLoss.sum": {
            "value": 332.18254399796325,
            "min": 332.18254399796325,
            "max": 332.18254399796325,
            "count": 1
        },
        "BoatAgent.Losses.CuriosityInverseLoss.mean": {
            "value": 6.223665527999401,
            "min": 6.223665527999401,
            "max": 6.223665527999401,
            "count": 1
        },
        "BoatAgent.Losses.CuriosityInverseLoss.sum": {
            "value": 12.447331055998802,
            "min": 12.447331055998802,
            "max": 12.447331055998802,
            "count": 1
        },
        "BoatAgent.IsTraining.mean": {
            "value": 1.0,
            "min": 1.0,
            "max": 1.0,
            "count": 1
        },
        "BoatAgent.IsTraining.sum": {
            "value": 1.0,
            "min": 1.0,
            "max": 1.0,
            "count": 1
        }
    },
    "metadata": {
        "timer_format_version": "0.1.0",
        "start_time_seconds": "1697742311",
        "python_version": "3.6.13 |Anaconda, Inc.| (default, Jun  4 2021, 14:25:59) \n[GCC 7.5.0]",
        "command_line_arguments": "/home/joshua/miniconda3/envs/ai_boat/bin/mlagents-learn config/boatAgent.yaml --run-id=1stgo_nav_20",
        "mlagents_version": "0.26.0",
        "mlagents_envs_version": "0.26.0",
        "communication_protocol_version": "1.5.0",
        "pytorch_version": "1.8.1+cu102",
        "numpy_version": "1.19.5",
        "end_time_seconds": "1697742418"
    },
    "total": 106.09997782299615,
    "count": 1,
    "self": 0.004977858996426221,
    "children": {
        "run_training.setup": {
            "total": 0.010377442005847115,
            "count": 1,
            "self": 0.010377442005847115
        },
        "TrainerController.start_learning": {
            "total": 106.08462252199388,
            "count": 1,
            "self": 0.15520711406861665,
            "children": {
                "TrainerController._reset_env": {
                    "total": 10.166548963999958,
                    "count": 1,
                    "self": 10.166548963999958
                },
                "TrainerController.advance": {
                    "total": 95.4944358219218,
                    "count": 10767,
                    "self": 0.15387449732224923,
                    "children": {
                        "env_step": {
                            "total": 89.45679876198847,
                            "count": 10767,
                            "self": 47.93616582728282,