{
    "name": "root",
    "metadata": {
        "timer_format_version": "0.1.0",
        "start_time_seconds": "1699017979",
        "python_version": "3.6.13 |Anaconda, Inc.| (default, Jun  4 2021, 14:25:59) \n[GCC 7.5.0]",
        "command_line_arguments": "/home/joshua/miniconda3/envs/ai_boat/bin/mlagents-learn config/boatAgent.yaml --run-id=kiteboat_8",
        "mlagents_version": "0.26.0",
        "mlagents_envs_version": "0.26.0",
        "communication_protocol_version": "1.5.0",
        "pytorch_version": "1.8.1+cu102",
        "numpy_version": "1.19.5",
        "end_time_seconds": "1699018005"
    },
    "total": 25.25429961199916,
    "count": 1,
    "self": 0.005334177001714124,
    "children": {
        "run_training.setup": {
            "total": 0.012994306998734828,
            "count": 1,
            "self": 0.012994306998734828
        },
        "TrainerController.start_learning": {
            "total": 25.23597112799871,
            "count": 1,
            "self": 0.03751660898888076,
            "children": {
                "TrainerController._reset_env": {
                    "total": 9.271263919001285,
                    "count": 1,
                    "self": 9.271263919001285
                },
                "TrainerController.advance": {
                    "total": 15.816641657007494,
                    "count": 2551,
                    "self": 0.03808983691124013,
                    "children": {
                        "env_step": {
                            "total": 15.506076098055928,
                            "count": 2551,
                            "self": 11.195470988173838,
                            "children": {
                                "SubprocessEnvManager._take_step": {
                                    "total": 4.28862705098436,
                                    "count": 2551,
                                    "self": 0.11823541002013371,
                                    "children": {
                                        "TorchPolicy.evaluate": {
                                            "total": 4.170391640964226,
                                            "count": 2551,
                                            "self": 0.9330515069686953,
                                            "children": {
                                                "TorchPolicy.sample_actions": {
                                                    "total": 3.2373401339955308,
                                                    "count": 2551,
                                                    "self": 3.2373401339955308
                                                }
                                            }
                                        }
                                    }
                                },
                                "workers": {
                                    "total": 0.02197805889773008,
                                    "count": 2550,
                                    "self": 0.0,
                                    "children": {
                                        "worker_root": {
                                            "total": 25.05766916101311,
                                            "count": 2550,
                                            "is_parallel": true,
                                            "self": 15.440974197024843,
                                            "children": {
                                                "run_training.setup": {
                                                    "total": 0.0,
                                                    "count": 0,
                                                    "is_parallel": true,
                                                    "self": 0.0,
                                                    "children": {
                                                        "steps_from_proto": {
                                                            "total": 0.0006278319997363724,
                                                            "count": 1,
                                                            "is_parallel": true,
                                                            "self": 0.00029687500136788003,
                                                            "children": {
                                                                "_process_rank_one_or_two_observation": {
                                                                    "total": 0.00033095699836849235,
                                                                    "count": 2,
                                                                    "is_parallel": true,
                                                                    "self": 0.00033095699836849235
                                                                }
                                                            }
                                                        },
                                                        "UnityEnvironment.step": {
                                                            "total": 0.024331574999450822,
                                                            "count": 1,
                                                            "is_parallel": true,
                                                            "self": 7.746999835944735e-05,
                                                            "children": {
                                                                "UnityEnvironment._generate_step_input": {
                                                                    "total": 8.921200060285628e-05,
                                                                    "count": 1,
                                                                    "is_parallel": true,
                                                                    "self": 8.921200060285628e-05
                                                                },
                                                                "communicator.exchange": {
                                                                    "total": 0.02387047599950165,
                                                                    "count": 1,
                                                                    "is_parallel": true,
                                                                    "self": 0.02387047599950165
                                                                },
                                                                "steps_from_proto": {
                                                                    "total": 0.0002944170009868685,
                                                                    "count": 1,
                                                                    "is_parallel": true,
                                                                    "self": 0.00015614699987054337,
                                                                    "children": {
                                                                        "_process_rank_one_or_two_observation": {
                                                                            "total": 0.00013827000111632515,
                                                                            "count": 2,
                                                                            "is_parallel": true,