{
    "name": "root",
    "metadata": {
        "timer_format_version": "0.1.0",
        "start_time_seconds": "1697716199",
        "python_version": "3.6.13 |Anaconda, Inc.| (default, Jun  4 2021, 14:25:59) \n[GCC 7.5.0]",
        "command_line_arguments": "/home/joshua/miniconda3/envs/ai_boat/bin/mlagents-learn config/boatAgent.yaml --run-id=2nd_go_14",
        "mlagents_version": "0.26.0",
        "mlagents_envs_version": "0.26.0",
        "communication_protocol_version": "1.5.0",
        "pytorch_version": "1.8.1+cu102",
        "numpy_version": "1.19.5",
        "end_time_seconds": "1697716225"
    },
    "total": 26.020812097998714,
    "count": 1,
    "self": 0.004392569997435203,
    "children": {
        "run_training.setup": {
            "total": 0.00961309200101823,
            "count": 1,
            "self": 0.00961309200101823
        },
        "TrainerController.start_learning": {
            "total": 26.00680643600026,
            "count": 1,
            "self": 0.000647611992462771,
            "children": {
                "TrainerController._reset_env": {
                    "total": 8.723314278999169,
                    "count": 1,
                    "self": 8.723314278999169
                },
                "TrainerController.advance": {
                    "total": 17.191836143010732,
                    "count": 36,
                    "self": 0.0005039090156060411,
                    "children": {
                        "env_step": {
                            "total": 17.19081182100126,
                            "count": 36,
                            "self": 17.13706351899964,
                            "children": {
                                "SubprocessEnvManager._take_step": {
                                    "total": 0.0534788800014212,
                                    "count": 36,
                                    "self": 0.0014044269973965129,
                                    "children": {
                                        "TorchPolicy.evaluate": {
                                            "total": 0.05207445300402469,
                                            "count": 34,
                                            "self": 0.014617954999266658,
                                            "children": {
                                                "TorchPolicy.sample_actions": {
                                                    "total": 0.03745649800475803,
                                                    "count": 34,
                                                    "self": 0.03745649800475803
                                                }
                                            }
                                        }
                                    }
                                },
                                "workers": {
                                    "total": 0.0002694220002013026,
                                    "count": 35,
                                    "self": 0.0,
                                    "children": {
                                        "worker_root": {
                                            "total": 15.759679575006885,
                                            "count": 35,
                                            "is_parallel": true,
                                            "self": 8.825087004013767,
                                            "children": {
                                                "run_training.setup": {
                                                    "total": 0.0,
                                                    "count": 0,
                                                    "is_parallel": true,
                                                    "self": 0.0,
                                                    "children": {
                                                        "steps_from_proto": {
                                                            "total": 0.0006515530003525782,
                                                            "count": 1,
                                                            "is_parallel": true,
                                                            "self": 0.00031794300048204605,
                                                            "children": {
                                                                "_process_rank_one_or_two_observation": {
                                                                    "total": 0.0003336099998705322,
                                                                    "count": 2,
                                                                    "is_parallel": true,
                                                                    "self": 0.0003336099998705322
                                                                }
                                                            }
                                                        },
                                                        "UnityEnvironment.step": {
                                                            "total": 0.01809430300090753,
                                                            "count": 1,
                                                            "is_parallel": true,
                                                            "self": 6.860699795652181e-05,
                                                            "children": {
                                                                "UnityEnvironment._generate_step_input": {
                                                                    "total": 8.223000077123288e-05,
                                                                    "count": 1,
                                                                    "is_parallel": true,
                                                                    "self": 8.223000077123288e-05
                                                                },
                                                                "communicator.exchange": {
                                                                    "total": 0.017688317000647658,
                                                                    "count": 1,
                                                                    "is_parallel": true,
                                                                    "self": 0.017688317000647658
                                                                },
                                                                "steps_from_proto": {
                                                                    "total": 0.00025514900153211784,
                                                                    "count": 1,
                                                                    "is_parallel": true,
                                                                    "self": 0.00015941200217639562,
                                                                    "children": {
                                                                        "_process_rank_one_or_two_observation": {
                                                                            "total": 9.573699935572222e-05,
                                                                            "count": 2,
                                                                            "is_parallel": true,