{
    "name": "root",
    "metadata": {
        "timer_format_version": "0.1.0",
        "start_time_seconds": "1697718349",
        "python_version": "3.6.13 |Anaconda, Inc.| (default, Jun  4 2021, 14:25:59) \n[GCC 7.5.0]",
        "command_line_arguments": "/home/joshua/miniconda3/envs/ai_boat/bin/mlagents-learn config/boatAgent.yaml --run-id=2nd_go_21",
        "mlagents_version": "0.26.0",
        "mlagents_envs_version": "0.26.0",
        "communication_protocol_version": "1.5.0",
        "pytorch_version": "1.8.1+cu102",
        "numpy_version": "1.19.5",
        "end_time_seconds": "1697718541"
    },
    "total": 192.79964127200037,
    "count": 1,
    "self": 0.0049398160008422565,
    "children": {
        "run_training.setup": {
            "total": 0.011111867999716196,
            "count": 1,
            "self": 0.011111867999716196
        },
        "TrainerController.start_learning": {
            "total": 192.7835895879998,
            "count": 1,
            "self": 0.4431255411309394,
            "children": {
                "TrainerController._reset_env": {
                    "total": 9.946673183001622,
                    "count": 1,
                    "self": 9.946673183001622
                },
                "TrainerController.advance": {
                    "total": 182.2771398288678,
                    "count": 31367,
                    "self": 0.4463058249821188,
                    "children": {
                        "env_step": {
                            "total": 166.10423052878468,
                            "count": 31367,
                            "self": 111.61147921266092,
                            "children": {
                                "SubprocessEnvManager._take_step": {
                                    "total": 54.22121600907849,
                                    "count": 31367,
                                    "self": 1.307590984084527,
                                    "children": {
                                        "TorchPolicy.evaluate": {
                                            "total": 52.91362502499396,
                                            "count": 31367,
                                            "self": 14.333505750926633,
                                            "children": {
                                                "TorchPolicy.sample_actions": {
                                                    "total": 38.58011927406733,
                                                    "count": 31367,
                                                    "self": 38.58011927406733
                                                }
                                            }
                                        }
                                    }
                                },
                                "workers": {
                                    "total": 0.2715353070452693,
                                    "count": 31366,
                                    "self": 0.0,
                                    "children": {
                                        "worker_root": {
                                            "total": 192.0094482350578,
                                            "count": 31366,
                                            "is_parallel": true,
                                            "self": 98.72392240604313,
                                            "children": {
                                                "run_training.setup": {
                                                    "total": 0.0,
                                                    "count": 0,
                                                    "is_parallel": true,
                                                    "self": 0.0,
                                                    "children": {
                                                        "steps_from_proto": {
                                                            "total": 0.000546475999726681,
                                                            "count": 1,
                                                            "is_parallel": true,
                                                            "self": 0.00028534100056276657,
                                                            "children": {
                                                                "_process_rank_one_or_two_observation": {
                                                                    "total": 0.00026113499916391447,
                                                                    "count": 2,
                                                                    "is_parallel": true,
                                                                    "self": 0.00026113499916391447
                                                                }
                                                            }
                                                        },
                                                        "UnityEnvironment.step": {
                                                            "total": 0.022932295001737657,
                                                            "count": 1,
                                                            "is_parallel": true,
                                                            "self": 8.674500168126542e-05,
                                                            "children": {
                                                                "UnityEnvironment._generate_step_input": {
                                                                    "total": 8.504499965056311e-05,
                                                                    "count": 1,
                                                                    "is_parallel": true,
                                                                    "self": 8.504499965056311e-05
                                                                },
                                                                "communicator.exchange": {
                                                                    "total": 0.022523704999912297,
                                                                    "count": 1,
                                                                    "is_parallel": true,
                                                                    "self": 0.022523704999912297
                                                                },
                                                                "steps_from_proto": {
                                                                    "total": 0.00023680000049353112,
                                                                    "count": 1,
                                                                    "is_parallel": true,
                                                                    "self": 0.00013835300160280894,
                                                                    "children": {
                                                                        "_process_rank_one_or_two_observation": {
                                                                            "total": 9.844699889072217e-05,
                                                                            "count": 2,
                                                                            "is_parallel": true,