{
    "name": "root",
    "metadata": {
        "timer_format_version": "0.1.0",
        "start_time_seconds": "1697735367",
        "python_version": "3.6.13 |Anaconda, Inc.| (default, Jun  4 2021, 14:25:59) \n[GCC 7.5.0]",
        "command_line_arguments": "/home/joshua/miniconda3/envs/ai_boat/bin/mlagents-learn config/boatAgent.yaml --run-id=1stgo_nav_7",
        "mlagents_version": "0.26.0",
        "mlagents_envs_version": "0.26.0",
        "communication_protocol_version": "1.5.0",
        "pytorch_version": "1.8.1+cu102",
        "numpy_version": "1.19.5",
        "end_time_seconds": "1697735460"
    },
    "total": 93.72585117600102,
    "count": 1,
    "self": 0.0048062770038086455,
    "children": {
        "run_training.setup": {
            "total": 0.01102069499756908,
            "count": 1,
            "self": 0.01102069499756908
        },
        "TrainerController.start_learning": {
            "total": 93.71002420399964,
            "count": 1,
            "self": 0.14030630499473773,
            "children": {
                "TrainerController._reset_env": {
                    "total": 9.04198358299982,
                    "count": 1,
                    "self": 9.04198358299982
                },
                "TrainerController.advance": {
                    "total": 84.27710103200661,
                    "count": 9467,
                    "self": 0.14502477896530763,
                    "children": {
                        "env_step": {
                            "total": 78.12184008896656,
                            "count": 9467,
                            "self": 41.86227604579835,
                            "children": {
                                "SubprocessEnvManager._take_step": {
                                    "total": 36.17694860204938,
                                    "count": 9467,
                                    "self": 0.4091728872153908,
                                    "children": {
                                        "TorchPolicy.evaluate": {
                                            "total": 35.76777571483399,
                                            "count": 9467,
                                            "self": 3.9497314228756295,
                                            "children": {
                                                "TorchPolicy.sample_actions": {
                                                    "total": 31.81804429195836,
                                                    "count": 9467,
                                                    "self": 31.81804429195836
                                                }
                                            }
                                        }
                                    }
                                },
                                "workers": {
                                    "total": 0.08261544111883268,
                                    "count": 9466,
                                    "self": 0.0,
                                    "children": {
                                        "worker_root": {
                                            "total": 93.19258772006287,
                                            "count": 9466,
                                            "is_parallel": true,
                                            "self": 57.5193439211107,
                                            "children": {
                                                "run_training.setup": {
                                                    "total": 0.0,
                                                    "count": 0,
                                                    "is_parallel": true,
                                                    "self": 0.0,
                                                    "children": {
                                                        "steps_from_proto": {
                                                            "total": 0.0005863769983989187,
                                                            "count": 1,
                                                            "is_parallel": true,
                                                            "self": 0.0002608399954624474,
                                                            "children": {
                                                                "_process_rank_one_or_two_observation": {
                                                                    "total": 0.00032553700293647125,
                                                                    "count": 2,
                                                                    "is_parallel": true,
                                                                    "self": 0.00032553700293647125
                                                                }
                                                            }
                                                        },
                                                        "UnityEnvironment.step": {
                                                            "total": 0.02414976400177693,
                                                            "count": 1,
                                                            "is_parallel": true,
                                                            "self": 8.338900443050079e-05,
                                                            "children": {
                                                                "UnityEnvironment._generate_step_input": {
                                                                    "total": 8.86349989741575e-05,
                                                                    "count": 1,
                                                                    "is_parallel": true,
                                                                    "self": 8.86349989741575e-05
                                                                },
                                                                "communicator.exchange": {
                                                                    "total": 0.023704731996986084,
                                                                    "count": 1,
                                                                    "is_parallel": true,
                                                                    "self": 0.023704731996986084
                                                                },
                                                                "steps_from_proto": {
                                                                    "total": 0.00027300800138618797,
                                                                    "count": 1,
                                                                    "is_parallel": true,
                                                                    "self": 0.00016985500406008214,
                                                                    "children": {
                                                                        "_process_rank_one_or_two_observation": {
                                                                            "total": 0.00010315299732610583,
                                                                            "count": 2,
                                                                            "is_parallel": true,