{
    "name": "root",
    "metadata": {
        "timer_format_version": "0.1.0",
        "start_time_seconds": "1697739727",
        "python_version": "3.6.13 |Anaconda, Inc.| (default, Jun  4 2021, 14:25:59) \n[GCC 7.5.0]",
        "command_line_arguments": "/home/joshua/miniconda3/envs/ai_boat/bin/mlagents-learn config/boatAgent.yaml --run-id=1stgo_nav_14",
        "mlagents_version": "0.26.0",
        "mlagents_envs_version": "0.26.0",
        "communication_protocol_version": "1.5.0",
        "pytorch_version": "1.8.1+cu102",
        "numpy_version": "1.19.5",
        "end_time_seconds": "1697739775"
    },
    "total": 48.18272918900038,
    "count": 1,
    "self": 0.0041860819910652936,
    "children": {
        "run_training.setup": {
            "total": 0.009757919004186988,
            "count": 1,
            "self": 0.009757919004186988
        },
        "TrainerController.start_learning": {
            "total": 48.16878518800513,
            "count": 1,
            "self": 0.05522466389811598,
            "children": {
                "TrainerController._reset_env": {
                    "total": 10.426092048997816,
                    "count": 1,
                    "self": 10.426092048997816
                },
                "TrainerController.advance": {
                    "total": 37.44940663410671,
                    "count": 4117,
                    "self": 0.05818397716211621,
                    "children": {
                        "env_step": {
                            "total": 34.6560837691286,
                            "count": 4117,
                            "self": 19.523987778600713,
                            "children": {
                                "SubprocessEnvManager._take_step": {
                                    "total": 15.098288995308394,
                                    "count": 4117,
                                    "self": 0.16509604054590454,
                                    "children": {
                                        "TorchPolicy.evaluate": {
                                            "total": 14.93319295476249,
                                            "count": 4117,
                                            "self": 1.5947440128220478,
                                            "children": {
                                                "TorchPolicy.sample_actions": {
                                                    "total": 13.338448941940442,
                                                    "count": 4117,
                                                    "self": 13.338448941940442
                                                }
                                            }
                                        }
                                    }
                                },
                                "workers": {
                                    "total": 0.03380699521949282,
                                    "count": 4116,
                                    "self": 0.0,
                                    "children": {
                                        "worker_root": {
                                            "total": 47.813457440228376,
                                            "count": 4116,
                                            "is_parallel": true,
                                            "self": 30.820957264317258,
                                            "children": {
                                                "run_training.setup": {
                                                    "total": 0.0,
                                                    "count": 0,
                                                    "is_parallel": true,
                                                    "self": 0.0,
                                                    "children": {
                                                        "steps_from_proto": {
                                                            "total": 0.001017310998577159,
                                                            "count": 1,
                                                            "is_parallel": true,
                                                            "self": 0.0004960419973940589,
                                                            "children": {
                                                                "_process_rank_one_or_two_observation": {
                                                                    "total": 0.0005212690011831,
                                                                    "count": 2,
                                                                    "is_parallel": true,
                                                                    "self": 0.0005212690011831
                                                                }
                                                            }
                                                        },
                                                        "UnityEnvironment.step": {
                                                            "total": 0.03586076600186061,
                                                            "count": 1,
                                                            "is_parallel": true,
                                                            "self": 0.00010840000322787091,
                                                            "children": {
                                                                "UnityEnvironment._generate_step_input": {
                                                                    "total": 8.93300020834431e-05,
                                                                    "count": 1,
                                                                    "is_parallel": true,
                                                                    "self": 8.93300020834431e-05
                                                                },
                                                                "communicator.exchange": {
                                                                    "total": 0.035424517998762894,
                                                                    "count": 1,
                                                                    "is_parallel": true,
                                                                    "self": 0.035424517998762894
                                                                },
                                                                "steps_from_proto": {
                                                                    "total": 0.0002385179977864027,
                                                                    "count": 1,
                                                                    "is_parallel": true,
                                                                    "self": 0.000148974999319762,
                                                                    "children": {
                                                                        "_process_rank_one_or_two_observation": {
                                                                            "total": 8.954299846664071e-05,
                                                                            "count": 2,
                                                                            "is_parallel": true,