{
    "name": "root",
    "metadata": {
        "timer_format_version": "0.1.0",
        "start_time_seconds": "1699020217",
        "python_version": "3.6.13 |Anaconda, Inc.| (default, Jun  4 2021, 14:25:59) \n[GCC 7.5.0]",
        "command_line_arguments": "/home/joshua/miniconda3/envs/ai_boat/bin/mlagents-learn config/boatAgent.yaml --run-id=kiteboat_11",
        "mlagents_version": "0.26.0",
        "mlagents_envs_version": "0.26.0",
        "communication_protocol_version": "1.5.0",
        "pytorch_version": "1.8.1+cu102",
        "numpy_version": "1.19.5",
        "end_time_seconds": "1699020279"
    },
    "total": 62.467014500000005,
    "count": 1,
    "self": 0.004615372999978717,
    "children": {
        "run_training.setup": {
            "total": 0.014064797998798895,
            "count": 1,
            "self": 0.014064797998798895
        },
        "TrainerController.start_learning": {
            "total": 62.44833432900123,
            "count": 1,
            "self": 0.13155362705219886,
            "children": {
                "TrainerController._reset_env": {
                    "total": 11.980322145000173,
                    "count": 1,
                    "self": 11.980322145000173
                },
                "TrainerController.advance": {
                    "total": 50.20392861494838,
                    "count": 9017,
                    "self": 0.13395808902350836,
                    "children": {
                        "env_step": {
                            "total": 45.56460118486939,
                            "count": 9017,
                            "self": 30.592834185887114,
                            "children": {
                                "SubprocessEnvManager._take_step": {
                                    "total": 14.893155175968786,
                                    "count": 9017,
                                    "self": 0.38662431410739373,
                                    "children": {
                                        "TorchPolicy.evaluate": {
                                            "total": 14.506530861861393,
                                            "count": 9017,
                                            "self": 3.219789032904373,
                                            "children": {
                                                "TorchPolicy.sample_actions": {
                                                    "total": 11.28674182895702,
                                                    "count": 9017,
                                                    "self": 11.28674182895702
                                                }
                                            }
                                        }
                                    }
                                },
                                "workers": {
                                    "total": 0.0786118230134889,
                                    "count": 9016,
                                    "self": 0.0,
                                    "children": {
                                        "worker_root": {
                                            "total": 62.13993022999239,
                                            "count": 9016,
                                            "is_parallel": true,
                                            "self": 36.96879886995703,
                                            "children": {
                                                "run_training.setup": {
                                                    "total": 0.0,
                                                    "count": 0,
                                                    "is_parallel": true,
                                                    "self": 0.0,
                                                    "children": {
                                                        "steps_from_proto": {
                                                            "total": 0.0008284340001409873,
                                                            "count": 1,
                                                            "is_parallel": true,
                                                            "self": 0.0003933709995180834,
                                                            "children": {
                                                                "_process_rank_one_or_two_observation": {
                                                                    "total": 0.00043506300062290393,
                                                                    "count": 2,
                                                                    "is_parallel": true,
                                                                    "self": 0.00043506300062290393
                                                                }
                                                            }
                                                        },
                                                        "UnityEnvironment.step": {
                                                            "total": 0.028391418998580775,
                                                            "count": 1,
                                                            "is_parallel": true,
                                                            "self": 7.977999666763935e-05,
                                                            "children": {
                                                                "UnityEnvironment._generate_step_input": {
                                                                    "total": 9.194000085699372e-05,
                                                                    "count": 1,
                                                                    "is_parallel": true,
                                                                    "self": 9.194000085699372e-05
                                                                },
                                                                "communicator.exchange": {
                                                                    "total": 0.027921615001105238,
                                                                    "count": 1,
                                                                    "is_parallel": true,
                                                                    "self": 0.027921615001105238
                                                                },
                                                                "steps_from_proto": {
                                                                    "total": 0.0002980839999509044,
                                                                    "count": 1,
                                                                    "is_parallel": true,
                                                                    "self": 0.000158507999003632,
                                                                    "children": {
                                                                        "_process_rank_one_or_two_observation": {
                                                                            "total": 0.0001395760009472724,
                                                                            "count": 2,
                                                                            "is_parallel": true,