{
    "name": "root",
    "metadata": {
        "timer_format_version": "0.1.0",
        "start_time_seconds": "1697732910",
        "python_version": "3.6.13 |Anaconda, Inc.| (default, Jun  4 2021, 14:25:59) \n[GCC 7.5.0]",
        "command_line_arguments": "/home/joshua/miniconda3/envs/ai_boat/bin/mlagents-learn config/boatAgent.yaml --run-id=1stgo_nav_3",
        "mlagents_version": "0.26.0",
        "mlagents_envs_version": "0.26.0",
        "communication_protocol_version": "1.5.0",
        "pytorch_version": "1.8.1+cu102",
        "numpy_version": "1.19.5",
        "end_time_seconds": "1697732945"
    },
    "total": 34.62419663699984,
    "count": 1,
    "self": 0.004945852000673767,
    "children": {
        "run_training.setup": {
            "total": 0.011797634997492423,
            "count": 1,
            "self": 0.011797634997492423
        },
        "TrainerController.start_learning": {
            "total": 34.607453150001675,
            "count": 1,
            "self": 0.03875012699063518,
            "children": {
                "TrainerController._reset_env": {
                    "total": 9.763679166997463,
                    "count": 1,
                    "self": 9.763679166997463
                },
                "TrainerController.advance": {
                    "total": 24.57581005000975,
                    "count": 2867,
                    "self": 0.037204344116616994,
                    "children": {
                        "env_step": {
                            "total": 24.24886866000452,
                            "count": 2867,
                            "self": 13.87909727891747,
                            "children": {
                                "SubprocessEnvManager._take_step": {
                                    "total": 10.346242217921827,
                                    "count": 2867,
                                    "self": 0.11202660585695412,
                                    "children": {
                                        "TorchPolicy.evaluate": {
                                            "total": 10.234215612064872,
                                            "count": 2867,
                                            "self": 1.0582614870581892,
                                            "children": {
                                                "TorchPolicy.sample_actions": {
                                                    "total": 9.175954125006683,
                                                    "count": 2867,
                                                    "self": 9.175954125006683
                                                }
                                            }
                                        }
                                    }
                                },
                                "workers": {
                                    "total": 0.02352916316522169,
                                    "count": 2866,
                                    "self": 0.0,
                                    "children": {
                                        "worker_root": {
                                            "total": 34.300583135125635,
                                            "count": 2866,
                                            "is_parallel": true,
                                            "self": 22.14730929910729,
                                            "children": {
                                                "run_training.setup": {
                                                    "total": 0.0,
                                                    "count": 0,
                                                    "is_parallel": true,
                                                    "self": 0.0,
                                                    "children": {
                                                        "steps_from_proto": {
                                                            "total": 0.0007536020020779688,
                                                            "count": 1,
                                                            "is_parallel": true,
                                                            "self": 0.00043679600275936536,
                                                            "children": {
                                                                "_process_rank_one_or_two_observation": {
                                                                    "total": 0.0003168059993186034,
                                                                    "count": 2,
                                                                    "is_parallel": true,
                                                                    "self": 0.0003168059993186034
                                                                }
                                                            }
                                                        },
                                                        "UnityEnvironment.step": {
                                                            "total": 0.01887286900091567,
                                                            "count": 1,
                                                            "is_parallel": true,
                                                            "self": 7.12590008333791e-05,
                                                            "children": {
                                                                "UnityEnvironment._generate_step_input": {
                                                                    "total": 9.070499800145626e-05,
                                                                    "count": 1,
                                                                    "is_parallel": true,
                                                                    "self": 9.070499800145626e-05
                                                                },
                                                                "communicator.exchange": {
                                                                    "total": 0.018473580999852857,
                                                                    "count": 1,
                                                                    "is_parallel": true,
                                                                    "self": 0.018473580999852857
                                                                },
                                                                "steps_from_proto": {
                                                                    "total": 0.00023732400222797878,
                                                                    "count": 1,
                                                                    "is_parallel": true,
                                                                    "self": 0.00015134400018723682,
                                                                    "children": {
                                                                        "_process_rank_one_or_two_observation": {
                                                                            "total": 8.598000204074197e-05,
                                                                            "count": 2,
                                                                            "is_parallel": true,