{
    "name": "root",
    "gauges": {
        "BoatAgent.Policy.Entropy.mean": {
            "value": 4.127595901489258,
            "min": 4.127595901489258,
            "max": 4.127595901489258,
            "count": 1
        },
        "BoatAgent.Policy.Entropy.sum": {
            "value": 41461.703125,
            "min": 41461.703125,
            "max": 41461.703125,
            "count": 1
        },
        "BoatAgent.Step.mean": {
            "value": 9981.0,
            "min": 9981.0,
            "max": 9981.0,
            "count": 1
        },
        "BoatAgent.Step.sum": {
            "value": 9981.0,
            "min": 9981.0,
            "max": 9981.0,
            "count": 1
        },
        "BoatAgent.Policy.ExtrinsicValueEstimate.mean": {
            "value": -23.055944442749023,
            "min": -23.055944442749023,
            "max": -23.055944442749023,
            "count": 1
        },
        "BoatAgent.Policy.ExtrinsicValueEstimate.sum": {
            "value": -4127.01416015625,
            "min": -4127.01416015625,
            "max": -4127.01416015625,
            "count": 1
        },
        "BoatAgent.Policy.CuriosityValueEstimate.mean": {
            "value": 2.4738752841949463,
            "min": 2.4738752841949463,
            "max": 2.4738752841949463,
            "count": 1
        },
        "BoatAgent.Policy.CuriosityValueEstimate.sum": {
            "value": 442.82366943359375,
            "min": 442.82366943359375,
            "max": 442.82366943359375,
            "count": 1
        },
        "BoatAgent.Environment.EpisodeLength.mean": {
            "value": 201.3877551020408,
            "min": 201.3877551020408,
            "max": 201.3877551020408,
            "count": 1
        },
        "BoatAgent.Environment.EpisodeLength.sum": {
            "value": 9868.0,
            "min": 9868.0,
            "max": 9868.0,
            "count": 1
        },
        "BoatAgent.Environment.CumulativeReward.mean": {
            "value": -1552.3035480173266,
            "min": -1552.3035480173266,
            "max": -1552.3035480173266,
            "count": 1
        },
        "BoatAgent.Environment.CumulativeReward.sum": {
            "value": -76062.873852849,
            "min": -76062.873852849,
            "max": -76062.873852849,
            "count": 1
        },
        "BoatAgent.Policy.ExtrinsicReward.mean": {
            "value": -1552.3035480173266,
            "min": -1552.3035480173266,
            "max": -1552.3035480173266,
            "count": 1
        },
        "BoatAgent.Policy.ExtrinsicReward.sum": {
            "value": -76062.873852849,
            "min": -76062.873852849,
            "max": -76062.873852849,
            "count": 1
        },
        "BoatAgent.Policy.CuriosityReward.mean": {
            "value": 61.599150533578836,
            "min": 61.599150533578836,
            "max": 61.599150533578836,
            "count": 1
        },
        "BoatAgent.Policy.CuriosityReward.sum": {
            "value": 3018.358376145363,
            "min": 3018.358376145363,
            "max": 3018.358376145363,
            "count": 1
        },
        "BoatAgent.Losses.PolicyLoss.mean": {
            "value": 0.07563130580820143,
            "min": 0.07563130580820143,
            "max": 0.07563130580820143,
            "count": 1
        },
        "BoatAgent.Losses.PolicyLoss.sum": {
            "value": 0.15126261161640286,
            "min": 0.15126261161640286,
            "max": 0.15126261161640286,
            "count": 1
        },
        "BoatAgent.Losses.ValueLoss.mean": {
            "value": 2745.415383497874,
            "min": 2745.415383497874,
            "max": 2745.415383497874,
            "count": 1
        },
        "BoatAgent.Losses.ValueLoss.sum": {
            "value": 5490.830766995748,
            "min": 5490.830766995748,
            "max": 5490.830766995748,
            "count": 1
        },
        "BoatAgent.Policy.LearningRate.mean": {
            "value": 0.0003,
            "min": 0.0003,
            "max": 0.0003,
            "count": 1
        },
        "BoatAgent.Policy.LearningRate.sum": {
            "value": 0.0006,
            "min": 0.0006,
            "max": 0.0006,
            "count": 1
        },
        "BoatAgent.Policy.Epsilon.mean": {
            "value": 0.19999999999999998,
            "min": 0.19999999999999998,
            "max": 0.19999999999999998,
            "count": 1
        },
        "BoatAgent.Policy.Epsilon.sum": {
            "value": 0.39999999999999997,
            "min": 0.39999999999999997,
            "max": 0.39999999999999997,
            "count": 1
        },
        "BoatAgent.Policy.Beta.mean": {
            "value": 0.0005000000000000001,
            "min": 0.0005000000000000001,
            "max": 0.0005000000000000001,
            "count": 1
        },
        "BoatAgent.Policy.Beta.sum": {
            "value": 0.0010000000000000002,
            "min": 0.0010000000000000002,
            "max": 0.0010000000000000002,
            "count": 1
        },
        "BoatAgent.Losses.CuriosityForwardLoss.mean": {
            "value": 110.0644595300158,
            "min": 110.0644595300158,
            "max": 110.0644595300158,
            "count": 1
        },
        "BoatAgent.Losses.CuriosityForwardLoss.sum": {
            "value": 220.1289190600316,
            "min": 220.1289190600316,
            "max": 220.1289190600316,
            "count": 1
        },
        "BoatAgent.Losses.CuriosityInverseLoss.mean": {
            "value": 4.391262975831827,
            "min": 4.391262975831827,
            "max": 4.391262975831827,
            "count": 1
        },
        "BoatAgent.Losses.CuriosityInverseLoss.sum": {
            "value": 8.782525951663654,
            "min": 8.782525951663654,
            "max": 8.782525951663654,
            "count": 1
        },
        "BoatAgent.IsTraining.mean": {
            "value": 1.0,
            "min": 1.0,
            "max": 1.0,
            "count": 1
        },
        "BoatAgent.IsTraining.sum": {
            "value": 1.0,
            "min": 1.0,
            "max": 1.0,
            "count": 1
        }
    },
    "metadata": {
        "timer_format_version": "0.1.0",
        "start_time_seconds": "1698301536",
        "python_version": "3.6.13 |Anaconda, Inc.| (default, Jun  4 2021, 14:25:59) \n[GCC 7.5.0]",
        "command_line_arguments": "/home/joshua/miniconda3/envs/ai_boat/bin/mlagents-learn config/boatAgent.yaml --run-id=headless_13",
        "mlagents_version": "0.26.0",
        "mlagents_envs_version": "0.26.0",
        "communication_protocol_version": "1.5.0",
        "pytorch_version": "1.8.1+cu102",
        "numpy_version": "1.19.5",
        "end_time_seconds": "1698301658"
    },
    "total": 122.38924838000003,
    "count": 1,
    "self": 0.004284506000658439,
    "children": {
        "run_training.setup": {
            "total": 0.008774577999247413,
            "count": 1,
            "self": 0.008774577999247413
        },
        "TrainerController.start_learning": {
            "total": 122.37618929600012,
            "count": 1,
            "self": 0.16681375699772616,
            "children": {
                "TrainerController._reset_env": {
                    "total": 13.041382471999896,
                    "count": 1,
                    "self": 13.041382471999896
                },
                "TrainerController.advance": {
                    "total": 108.982394630003,
                    "count": 12451,
                    "self": 0.1721645719717344,
                    "children": {
                        "env_step": {
                            "total": 101.03537652402247,
                            "count": 12451,
                            "self": 63.01347922689183,
                            "children": {
                                "SubprocessEnvManager._take_step": {
                                    "total": 37.91850515706392,