{
    "name": "root",
    "metadata": {
        "timer_format_version": "0.1.0",
        "start_time_seconds": "1697746534",
        "python_version": "3.6.13 |Anaconda, Inc.| (default, Jun  4 2021, 14:25:59) \n[GCC 7.5.0]",
        "command_line_arguments": "/home/joshua/miniconda3/envs/ai_boat/bin/mlagents-learn config/boatAgent.yaml --run-id=1stgo_nav_21",
        "mlagents_version": "0.26.0",
        "mlagents_envs_version": "0.26.0",
        "communication_protocol_version": "1.5.0",
        "pytorch_version": "1.8.1+cu102",
        "numpy_version": "1.19.5",
        "end_time_seconds": "1697746568"
    },
    "total": 34.15854972299712,
    "count": 1,
    "self": 0.00478143899817951,
    "children": {
        "run_training.setup": {
            "total": 0.016018194000935182,
            "count": 1,
            "self": 0.016018194000935182
        },
        "TrainerController.start_learning": {
            "total": 34.13775008999801,
            "count": 1,
            "self": 0.04014006385114044,
            "children": {
                "TrainerController._reset_env": {
                    "total": 10.287328847000026,
                    "count": 1,
                    "self": 10.287328847000026
                },
                "TrainerController.advance": {
                    "total": 23.604072233152692,
                    "count": 2751,
                    "self": 0.03986329030158231,
                    "children": {
                        "env_step": {
                            "total": 23.273299638924072,
                            "count": 2751,
                            "self": 14.706192108344112,
                            "children": {
                                "SubprocessEnvManager._take_step": {
                                    "total": 8.54426674147544,
                                    "count": 2751,
                                    "self": 0.11290685855055926,
                                    "children": {
                                        "TorchPolicy.evaluate": {
                                            "total": 8.43135988292488,
                                            "count": 2751,
                                            "self": 1.0627749249979388,
                                            "children": {
                                                "TorchPolicy.sample_actions": {
                                                    "total": 7.368584957926942,
                                                    "count": 2751,
                                                    "self": 7.368584957926942
                                                }
                                            }
                                        }
                                    }
                                },
                                "workers": {
                                    "total": 0.02284078910452081,
                                    "count": 2750,
                                    "self": 0.0,
                                    "children": {
                                        "worker_root": {
                                            "total": 33.78453806187463,
                                            "count": 2750,
                                            "is_parallel": true,
                                            "self": 20.87923657589272,
                                            "children": {
                                                "run_training.setup": {
                                                    "total": 0.0,
                                                    "count": 0,
                                                    "is_parallel": true,
                                                    "self": 0.0,
                                                    "children": {
                                                        "steps_from_proto": {
                                                            "total": 0.0006887550043757074,
                                                            "count": 1,
                                                            "is_parallel": true,
                                                            "self": 0.00033607700606808066,
                                                            "children": {
                                                                "_process_rank_one_or_two_observation": {
                                                                    "total": 0.0003526779983076267,
                                                                    "count": 2,
                                                                    "is_parallel": true,
                                                                    "self": 0.0003526779983076267
                                                                }
                                                            }
                                                        },
                                                        "UnityEnvironment.step": {
                                                            "total": 0.035557225994125474,
                                                            "count": 1,
                                                            "is_parallel": true,
                                                            "self": 8.315299055539072e-05,
                                                            "children": {
                                                                "UnityEnvironment._generate_step_input": {
                                                                    "total": 0.0001393529964843765,
                                                                    "count": 1,
                                                                    "is_parallel": true,
                                                                    "self": 0.0001393529964843765
                                                                },
                                                                "communicator.exchange": {
                                                                    "total": 0.0350672510030563,
                                                                    "count": 1,
                                                                    "is_parallel": true,
                                                                    "self": 0.0350672510030563
                                                                },
                                                                "steps_from_proto": {
                                                                    "total": 0.0002674690040294081,
                                                                    "count": 1,
                                                                    "is_parallel": true,
                                                                    "self": 0.0001467850015615113,
                                                                    "children": {
                                                                        "_process_rank_one_or_two_observation": {
                                                                            "total": 0.00012068400246789679,
                                                                            "count": 2,
                                                                            "is_parallel": true,