{
    "name": "root",
    "metadata": {
        "timer_format_version": "0.1.0",
        "start_time_seconds": "1697714892",
        "python_version": "3.6.13 |Anaconda, Inc.| (default, Jun  4 2021, 14:25:59) \n[GCC 7.5.0]",
        "command_line_arguments": "/home/joshua/miniconda3/envs/ai_boat/bin/mlagents-learn config/boatAgent.yaml --run-id=2nd_go_11",
        "mlagents_version": "0.26.0",
        "mlagents_envs_version": "0.26.0",
        "communication_protocol_version": "1.5.0",
        "pytorch_version": "1.8.1+cu102",
        "numpy_version": "1.19.5",
        "end_time_seconds": "1697715063"
    },
    "total": 171.4854664279992,
    "count": 1,
    "self": 0.004977111999323824,
    "children": {
        "run_training.setup": {
            "total": 0.009098432999962824,
            "count": 1,
            "self": 0.009098432999962824
        },
        "TrainerController.start_learning": {
            "total": 171.4713908829999,
            "count": 1,
            "self": 0.3526608262400259,
            "children": {
                "TrainerController._reset_env": {
                    "total": 15.934377342999142,
                    "count": 1,
                    "self": 15.934377342999142
                },
                "TrainerController.advance": {
                    "total": 155.07192513476002,
                    "count": 22269,
                    "self": 0.37159736068861093,
                    "children": {
                        "env_step": {
                            "total": 143.09521414612027,
                            "count": 22269,
                            "self": 102.05448833525588,
                            "children": {
                                "SubprocessEnvManager._take_step": {
                                    "total": 40.82654991084746,
                                    "count": 22269,
                                    "self": 1.0235017069808237,
                                    "children": {
                                        "TorchPolicy.evaluate": {
                                            "total": 39.80304820386664,
                                            "count": 22267,
                                            "self": 12.605493432820367,
                                            "children": {
                                                "TorchPolicy.sample_actions": {
                                                    "total": 27.19755477104627,
                                                    "count": 22267,
                                                    "self": 27.19755477104627
                                                }
                                            }
                                        }
                                    }
                                },
                                "workers": {
                                    "total": 0.21417590001692588,
                                    "count": 22268,
                                    "self": 0.0,
                                    "children": {
                                        "worker_root": {
                                            "total": 162.03906392394492,
                                            "count": 22268,
                                            "is_parallel": true,
                                            "self": 83.61560378799368,
                                            "children": {
                                                "run_training.setup": {
                                                    "total": 0.0,
                                                    "count": 0,
                                                    "is_parallel": true,
                                                    "self": 0.0,
                                                    "children": {
                                                        "steps_from_proto": {
                                                            "total": 0.0005196829988562968,
                                                            "count": 1,
                                                            "is_parallel": true,
                                                            "self": 0.00025711099806358106,
                                                            "children": {
                                                                "_process_rank_one_or_two_observation": {
                                                                    "total": 0.0002625720007927157,
                                                                    "count": 2,
                                                                    "is_parallel": true,
                                                                    "self": 0.0002625720007927157
                                                                }
                                                            }
                                                        },
                                                        "UnityEnvironment.step": {
                                                            "total": 0.01787581499957014,
                                                            "count": 1,
                                                            "is_parallel": true,
                                                            "self": 7.116399865481071e-05,
                                                            "children": {
                                                                "UnityEnvironment._generate_step_input": {
                                                                    "total": 8.775800051807892e-05,
                                                                    "count": 1,
                                                                    "is_parallel": true,
                                                                    "self": 8.775800051807892e-05
                                                                },
                                                                "communicator.exchange": {
                                                                    "total": 0.017487758999777725,
                                                                    "count": 1,
                                                                    "is_parallel": true,
                                                                    "self": 0.017487758999777725
                                                                },
                                                                "steps_from_proto": {
                                                                    "total": 0.00022913400061952416,
                                                                    "count": 1,
                                                                    "is_parallel": true,
                                                                    "self": 0.00014038300105312373,
                                                                    "children": {
                                                                        "_process_rank_one_or_two_observation": {
                                                                            "total": 8.875099956640042e-05,
                                                                            "count": 2,
                                                                            "is_parallel": true,